file_id,abs,afek,aeg,arg,form,imp,info,inst,inter,keer,spont,subj,noun,adj,propn,adv,intj,cconj,sconj,adp,det,num,punct,symbol,particle,pron,abbr,TTR,avg_word_len,avr_sent_len,hapax_legomena,coref,see_pron,see_det,first_pron,second_pron,third_pron,active_voice,passive_voice,first_prs_verb,second_prs_verb,third_prs_verb,core_verb,verbtype_ratio,da_inf,gerund,supine,verb_particle,pres_tense,past_tense,ind_mood,cond_mood,imp_mood,quot_mood,neg_polarity,nom_case,gen_case,part_case,ill_case,ine_case,ela_case,alla_case,ade_case,abl_case,tra_case,ter_case,ess_case,abe_case,com_case,nsubj,nsubj_cop,modal,acl_relc,csubj,csubj_cop,obj,ccomp,xcomp,obl,nmod,appos,nummod,amod,advcl,voc,cop,conj,cc
arhiiv_koolielu_ee.ela_481254,1.35,0.85,0.65,1.55,0.7,1.8,1.1,0.9,0.45,0.5,0.45,1.3,0.2814,0.0898,0.006,0.1078,0.006,0.0539,0.0299,0.024,0.0299,0.006,0.1677,0.006,0.006,0.0599,0.012,0.7006,5.0898,16.7,0.497,0.2128,0.006,0.018,0.012,0.012,0.012,0.1497,0.024,0.012,0.012,0.0659,0.0958,1.2667,0.0479,0.006,0.024,0.0359,0.1377,0.018,0.1078,0.018,0.006,0.006,0.0479,0.1856,0.0599,0.0659,0.018,0.0599,0.024,0.006,0.0359,0.012,0.006,0.006,0.006,0.012,0.024,0.0539,0.0419,0.0599,0.006,0.006,0.006,0.0419,0.0659,0.024,0.0958,0.0539,0.006,0.006,0.0479,0.0359,0.006,0.0419,0.1018,0.0539
arvamus_postimees_ee.ela_5946,0.65,1.15,0.7,0.65,0.45,0.65,1.15,0.75,0.7,0.65,0.15,1.25,0.2416,0.1107,0.0201,0.1174,0.0034,0.0336,0.0403,0.0134,0.0336,0.0235,0.151,0.0034,0.0034,0.0604,0.0034,0.698,5.3456,16.56,0.4228,0.25,0.0201,0.0168,0.0168,0.0034,0.0034,0.1544,0.0336,0.0201,0.0067,0.094,0.1007,1.52,0.0235,0.0134,0.0101,0.0503,0.0973,0.0839,0.1174,0.0134,0.0067,0.0034,0.0067,0.1577,0.1007,0.0805,0.0101,0.0403,0.0201,0.0134,0.0134,0.0101,0.0235,0.0034,0.0067,0.0034,0.0201,0.0503,0.0336,0.0369,0.0302,0.0101,0.0034,0.0671,0.047,0.0168,0.0805,0.0537,0.0034,0.0235,0.0705,0.0268,0.0034,0.0369,0.0369,0.0336
arvamusaed_ee.ela_274676,1.25,1.65,0.15,1.5,0.15,0.55,0.35,0.6,0.85,0.4,0.7,2,0.1991,0.0606,0.026,0.1342,0.0043,0.0433,0.0866,0.013,0.0216,0.0087,0.1385,0.0043,0.0043,0.1126,0.0043,0.6537,4.9567,23.1,0.3939,0.5652,0.026,0.0087,0.0216,0.0043,0.026,0.1515,0.0173,0.0173,0.0043,0.0736,0.1082,1.7059,0.039,0.0087,0.0216,0.0216,0.1255,0.026,0.0996,0.0346,0.0043,0.0043,0.026,0.1472,0.0736,0.0952,0.0346,0.0087,0.0216,0.026,0.013,0.0087,0.013,0.0043,0.0087,0.0043,0.013,0.0779,0.0216,0.0433,0.0043,0.0043,0.0043,0.0779,0.0606,0.026,0.0823,0.039,0.0087,0.0087,0.039,0.0433,0.0043,0.0173,0.0433,0.0433
arvamusaed_ee.ela_6007,0.6,1.2,0.8,1.85,0.45,1.15,0.65,0.3,0.45,0.05,0.2,2.2,0.3007,0.1189,0.007,0.1119,0.007,0.035,0.042,0.049,0.014,0.028,0.1259,0.007,0.007,0.0629,0.007,0.7972,6.4965,23.83,0.6643,0.2093,0.007,0.007,0.035,0.007,0.007,0.1608,0.021,0.028,0.007,0.049,0.0839,0.9286,0.028,0.007,0.014,0.0769,0.0699,0.1049,0.0979,0.007,0.007,0.007,0.035,0.0699,0.1608,0.0909,0.028,0.042,0.007,0.035,0.0559,0.007,0.028,0.007,0.021,0.007,0.028,0.035,0.007,0.042,0.007,0.021,0.014,0.0699,0.042,0.021,0.1469,0.1119,0.007,0.028,0.0909,0.042,0.007,0.021,0.042,0.035
bhr_balanss_ee.ela_565106,1.15,0.8,0.4,1.4,0.7,0.75,0.85,0.25,0.2,0.55,0.55,0.95,0.25,0.0978,0.0707,0.1196,0.0054,0.038,0.0435,0.0163,0.0272,0.0054,0.1413,0.0054,0.0054,0.0761,0.0054,0.712,5.8967,23,0.587,0.3043,0.0272,0.0054,0.0109,0.0054,0.0054,0.163,0.0163,0.0163,0.0054,0.1141,0.0543,2.5,0.0217,0.0109,0.0109,0.0326,0.0761,0.0978,0.1304,0.0163,0.0054,0.0054,0.0163,0.1739,0.1522,0.0217,0.0163,0.0326,0.0163,0.0272,0.0217,0.0054,0.0272,0.0054,0.0163,0.0054,0.0217,0.087,0.0272,0.0272,0.0163,0.0109,0.0054,0.0543,0.0543,0.0217,0.1141,0.087,0.0109,0.0054,0.0652,0.0217,0.0054,0.0272,0.0543,0.038
blablabla_ee.ela_504829,0.25,2.1,0.95,0.5,0.5,0.3,0.5,0.2,1.3,0.55,0.95,1.65,0.2294,0.0476,0.0866,0.1169,0.0087,0.0606,0.0649,0.0087,0.0433,0.0043,0.1602,0.0043,0.0043,0.0476,0.0043,0.658,5.0433,21,0.4416,0.2075,0.0043,0.0216,0.0087,0.0087,0.0087,0.1429,0.0346,0.0433,0.013,0.0693,0.0736,2.3077,0.0216,0.0043,0.0173,0.0303,0.0476,0.1169,0.1299,0.0043,0.0087,0.0043,0.0043,0.1602,0.1385,0.0693,0.0173,0.026,0.0173,0.0087,0.0173,0.0043,0.0173,0.0043,0.0043,0.0043,0.013,0.0476,0.0216,0.0173,0.0043,0.0043,0.0043,0.0779,0.0823,0.026,0.0693,0.0866,0.0173,0.0043,0.026,0.0346,0.0043,0.0173,0.0823,0.0606
blog_maaleht_ee.ela_73268,0.5,1.15,1.5,0.45,0.05,0.35,1.3,0.3,0.55,0.4,0.75,1.25,0.3258,0.0682,0.0076,0.1174,0.0038,0.0303,0.0417,0.0303,0.0341,0.0114,0.1591,0.0038,0.0038,0.0455,0.0114,0.7727,5.5265,12,0.6136,0.1395,0,0.0076,0.0152,0.0038,0.0114,0.1439,0.0076,0.0417,0.0038,0.0682,0.0606,2.9091,0.0189,0.0076,0.0114,0.0189,0.053,0.0909,0.1136,0.0152,0.0038,0.0038,0.0189,0.1136,0.1364,0.0985,0.0114,0.0341,0.0152,0.0189,0.0303,0.0038,0.0189,0.0114,0.0038,0.0038,0.0152,0.0644,0.0189,0.0303,0.0076,0.0076,0.0038,0.0568,0.0417,0.0152,0.1061,0.0985,0.0038,0.0152,0.0492,0.0379,0.0038,0.0152,0.0492,0.0303
ekspress_online_2020,0.05,0.65,0.9,0.15,0.2,0.55,0.5,0.15,0.45,0.05,0.25,0.6,0.2772,0.1287,0.0792,0.099,0.0099,0.0297,0.0297,0.0396,0.0495,0.0198,0.1287,0.0099,0.0099,0.0891,0.0297,0.7921,5.6238,33.67,0.7228,0.3214,0.0099,0.0297,0.0099,0.0099,0.0396,0.1683,0.0396,0.0099,0.0099,0.0693,0.0792,0.7273,0.0099,0.0099,0.0099,0.1188,0.0891,0.1188,0.0792,0.0198,0.0099,0.0099,0.0099,0.1089,0.2376,0.0693,0.0198,0.0396,0.0198,0.0297,0.0594,0.0099,0.0297,0.0099,0.0099,0.0099,0.0198,0.0792,0.0099,0.0693,0.0396,0.0198,0.0099,0.0693,0.0297,0.0297,0.1287,0.1584,0.0099,0.0198,0.0792,0.0099,0.0099,0.0099,0.0495,0.0297
eok_ee.ela_435890,0.7,0.5,1.9,0.25,1.15,0.8,2.2,0.4,0.3,0.95,0.15,0.65,0.2679,0.0982,0.1786,0.0446,0.0089,0.0268,0.0089,0.0536,0.0268,0.0893,0.1429,0.0089,0.0089,0.0446,0.0179,0.7946,5.9643,18.67,0.6786,0.1667,0,0.0179,0.0089,0.0089,0.0268,0.0982,0.0179,0.0089,0.0089,0.0625,0.0625,1.1667,0.0089,0.0268,0.0179,0.0357,0.0179,0.0893,0.0714,0.0089,0.0089,0.0089,0.0179,0.2857,0.1786,0.0446,0.0179,0.0179,0.0446,0.0179,0.0536,0.0268,0.0179,0.0089,0.0179,0.0089,0.0179,0.0446,0.0357,0.0357,0.0179,0.0089,0.0179,0.0357,0.0268,0.0179,0.1696,0.1161,0.0446,0.0625,0.0625,0.0268,0.0089,0.0357,0.0357,0.0268
et_wikipedia_org.ela_191506,0.55,0.05,2.8,0.5,1.65,1.05,2.45,0.6,0.1,1.2,0.05,0.1,0.26,0.0733,0.2267,0.0467,0.0067,0.0333,0.0067,0.04,0.0267,0.0467,0.12,0.0067,0.0067,0.06,0.0467,0.6867,6.12,18.75,0.4267,0.2308,0,0.0267,0.0067,0.0067,0.04,0.0733,0.0533,0.0067,0.0067,0.0667,0.06,4,0.0267,0.0067,0.0133,0.0067,0.0067,0.1133,0.1133,0.0067,0.0067,0.0067,0.0067,0.1933,0.1667,0.0133,0.0133,0.0067,0.0133,0.0533,0.1267,0.0067,0.0467,0.02,0.0133,0.0067,0.0267,0.0533,0.0133,0.0067,0.02,0.0067,0.0067,0.0533,0.0333,0.0467,0.1867,0.1733,0.02,0.0467,0.0667,0.0067,0.0067,0.0133,0.0533,0.0333
et_wikipedia_org.ela_219301,2.1,0,0.55,0.75,0.6,1.85,0.8,0.55,0,0.4,0.05,0.15,0.32,0.08,0.01,0.07,0.01,0.06,0.03,0.02,0.05,0.02,0.14,0.01,0.01,0.11,0.01,0.71,5.98,14.29,0.4,0.3438,0.05,0.01,0.01,0.01,0.01,0.15,0.04,0.01,0.01,0.12,0.07,2.5,0.03,0.03,0.01,0.03,0.16,0.03,0.15,0.01,0.01,0.02,0.02,0.15,0.12,0.12,0.01,0.08,0.02,0.01,0.04,0.01,0.04,0.01,0.01,0.01,0.03,0.05,0.05,0.03,0.02,0.01,0.01,0.11,0.06,0.05,0.09,0.11,0.01,0.02,0.04,0.04,0.01,0.05,0.06,0.06
et_wikipedia_org.ela_467359,0.2,0.3,0.85,0.5,0.4,0.75,0.7,0.25,0.25,0.6,0.5,0.3,0.25,0.0962,0.0962,0.0481,0.0096,0.0481,0.0385,0.0385,0.0288,0.0481,0.1538,0.0096,0.0096,0.1154,0.0192,0.75,5.25,26,0.6442,0.4615,0.0288,0.0096,0.0096,0.0096,0.0192,0.1154,0.0192,0.0096,0.0096,0.0865,0.0769,1.125,0.0577,0.0096,0.0096,0.0385,0.0288,0.1058,0.0962,0.0096,0.0096,0.0096,0.0192,0.2115,0.1442,0.0577,0.0096,0.0192,0.0288,0.0481,0.0192,0.0096,0.0288,0.0096,0.0096,0.0192,0.0577,0.0577,0.0481,0.0192,0.0385,0.0096,0.0096,0.0288,0.0577,0.0192,0.125,0.125,0.0385,0.0385,0.0481,0.0288,0.0096,0.0577,0.0481,0.0481
et_wikipedia_org.ela_519819,0.95,0.45,0.4,1.2,1.35,1.4,1.05,1.1,0.45,0.55,0.15,0.2,0.367,0.0826,0.0275,0.0642,0.0092,0.0459,0.0275,0.0275,0.0459,0.0275,0.1743,0.0092,0.0092,0.055,0.0183,0.7064,6.2385,15.57,0.5505,0.15,0,0.0092,0.0092,0.0092,0.0183,0.1284,0.055,0.0092,0.0092,0.0917,0.1009,1.375,0.0183,0.0092,0.0092,0.0734,0.1193,0.0642,0.1101,0.0092,0.0092,0.0092,0.0092,0.1835,0.1193,0.0917,0.0183,0.055,0.0183,0.0275,0.0642,0.0275,0.0092,0.0092,0.0092,0.0092,0.0275,0.0459,0.0183,0.055,0.0275,0.0092,0.0183,0.0826,0.0459,0.0092,0.0642,0.156,0.0183,0.0092,0.0459,0.0275,0.0092,0.0275,0.0826,0.0459
et_wikipedia_org.ela_624820,0.75,0.05,0.05,1,1.05,2.25,1.8,0.7,0.15,1.1,0.35,0.2,0.3659,0.1463,0.0081,0.065,0.0081,0.0325,0.0407,0.0407,0.0407,0.0081,0.1382,0.0081,0.0081,0.0569,0.0081,0.7154,6.6992,17.57,0.3821,0.1556,0.0244,0.0163,0.0081,0.0081,0.0081,0.1626,0.0325,0.0081,0.0081,0.0976,0.0976,1.1818,0.0244,0.0081,0.0163,0.0732,0.1626,0.0244,0.1138,0.0081,0.0081,0.0081,0.0163,0.1707,0.1545,0.1138,0.0163,0.0325,0.0163,0.0244,0.0488,0.0081,0.0407,0.0081,0.0244,0.0081,0.0163,0.0569,0.0488,0.0407,0.0163,0.0081,0.0081,0.0569,0.0325,0.0081,0.1301,0.0976,0.0081,0.0081,0.065,0.0325,0.0081,0.0488,0.0488,0.0325
forte_delfi_ee.ela_222312,0.15,0.8,1.7,2.2,0.9,1.2,1.3,0.6,0.5,0.55,0.1,0.4,0.3179,0.0867,0.0925,0.0578,0.0058,0.0405,0.052,0.0173,0.0173,0.0231,0.1503,0.0058,0.0058,0.0578,0.0173,0.7168,5.9191,28.83,0.5723,0.1818,0.0347,0.0058,0.0058,0.0058,0.0116,0.1734,0.0173,0.0058,0.0058,0.1098,0.0462,1.6667,0.0116,0.0058,0.0116,0.0636,0.1387,0.0462,0.1098,0.0173,0.0058,0.0058,0.0058,0.1618,0.1792,0.0983,0.0173,0.0116,0.0058,0.0116,0.0578,0.0116,0.0116,0.0116,0.0058,0.0058,0.0405,0.0925,0.0231,0.0231,0.0116,0.0058,0.0058,0.0636,0.0578,0.0116,0.1098,0.1156,0.0347,0.0173,0.052,0.0231,0.0058,0.0173,0.0578,0.0405
herba_folklore_ee.ela_93408,0.4,0.45,0.35,0.6,1.9,2.45,2.05,0.45,0.05,0.55,0,0,0.312,0.144,0.024,0.112,0.008,0.064,0.016,0.024,0.008,0.04,0.248,0.008,0.008,0.008,0.024,0.72,5.648,8.93,0.696,0.0256,0,0.008,0.008,0.008,0.008,0.112,0.008,0.008,0.008,0.08,0.024,1.8,0.016,0.008,0.008,0.04,0.104,0.016,0.08,0.008,0.008,0.008,0.008,0.208,0.056,0.016,0.008,0.056,0.024,0.008,0.104,0.008,0.008,0.016,0.008,0.016,0.016,0.04,0.04,0.016,0.008,0.008,0.008,0.016,0.064,0.008,0.104,0.056,0.008,0.024,0.048,0.016,0.008,0.016,0.16,0.064
forte_delfi_ee.ela_88079,0.15,0.7,0.45,1.55,0.3,1.6,1.7,2.3,0.25,0.55,0.7,1.1,0.268,0.067,0.0155,0.1753,0.0052,0.0619,0.0206,0.0258,0.0258,0.0155,0.134,0.0052,0.0052,0.0412,0.0052,0.7165,5.6753,12.93,0.5361,0.1538,0.0258,0.0155,0.0052,0.0052,0.0052,0.1546,0.0155,0.0206,0.0052,0.1031,0.1031,1.8571,0.0464,0.0103,0.0103,0.0258,0.1495,0.0155,0.1289,0.0155,0.0052,0.0052,0.0155,0.1907,0.0876,0.067,0.0103,0.0155,0.0155,0.0103,0.0206,0.0052,0.0052,0.0052,0.0103,0.0052,0.0309,0.0412,0.0464,0.0412,0.0052,0.0103,0.0103,0.067,0.067,0.0258,0.0619,0.067,0.0052,0.0155,0.0309,0.0206,0.0052,0.0464,0.067,0.0619
kaja_ekstreem_ee.ela_71641,0.55,1.2,2.25,0.35,0.2,1.15,1.5,0.6,0.5,0.7,0.3,1.2,0.2073,0.0618,0.0764,0.1164,0.0036,0.0473,0.0364,0.0255,0.0145,0.0473,0.1891,0.0036,0.0036,0.0618,0.0036,0.6436,4.88,16.18,0.4109,0.2982,0.0182,0.0109,0.0218,0.0036,0.0073,0.1091,0.0327,0.0145,0.0036,0.0727,0.0618,2.8182,0.0218,0.0036,0.0036,0.0255,0.08,0.0618,0.1127,0.0036,0.0036,0.0073,0.0109,0.1709,0.1127,0.0545,0.0073,0.0255,0.0436,0.0145,0.0145,0.0073,0.0145,0.0036,0.0073,0.0036,0.0036,0.0473,0.0255,0.0327,0.0073,0.0036,0.0036,0.0473,0.0582,0.0218,0.0909,0.0945,0.0036,0.0291,0.0509,0.0218,0.0036,0.0255,0.0545,0.0473
kalah_zzz_ee.ela_52237,2.7,0.55,0.45,2.05,0.4,2.25,1.15,0.55,0.5,1.1,0.8,1.2,0.3095,0.0635,0.0476,0.0952,0.0079,0.0556,0.0317,0.0159,0.0397,0.0159,0.2143,0.0079,0.0079,0.0397,0.0238,0.6508,5.1667,21,0.4603,0.1282,0.0159,0.0238,0.0159,0.0079,0.0159,0.1349,0.0079,0.0079,0.0079,0.0794,0.0794,5,0.0238,0.0079,0.0079,0.0159,0.1349,0.0079,0.127,0.0079,0.0079,0.0079,0.0635,0.2302,0.119,0.0476,0.0079,0.0397,0.0476,0.0079,0.0079,0.0079,0.0159,0.0079,0.0079,0.0079,0.0159,0.0556,0.0635,0.0317,0.0079,0.0079,0.0079,0.0397,0.0556,0.0238,0.0556,0.127,0.0159,0.0079,0.0159,0.0317,0.0079,0.0714,0.0714,0.0556
kalah_zzz_ee.ela_73709,1.35,2.15,0.15,1.75,0.2,1,1,0.6,0.8,1.2,1.65,2.7,0.2367,0.0694,0.0204,0.1184,0.0041,0.0531,0.0408,0.0204,0.0245,0.0163,0.1551,0.0041,0.0041,0.0776,0.0082,0.7102,5.2735,16.33,0.551,0.3276,0.0163,0.0041,0.0122,0.0163,0.0163,0.1551,0.0286,0.0082,0.0204,0.0776,0.0776,2,0.0327,0.0082,0.0122,0.0327,0.1184,0.0571,0.1388,0.0041,0.0082,0.0041,0.0367,0.1673,0.0816,0.0653,0.0122,0.0082,0.0204,0.0204,0.0204,0.0041,0.0204,0.0082,0.0041,0.0041,0.0245,0.0735,0.0286,0.049,0.0041,0.0082,0.0041,0.0612,0.0612,0.0163,0.0857,0.0571,0.0041,0.0163,0.049,0.0367,0.0041,0.0245,0.0694,0.0531
mesindus_ee.ela_210638,0.35,1.6,0.9,0.5,0.4,0.25,0.65,0.5,0.8,0.35,1.9,1.9,0.23,0.09,0.03,0.17,0.01,0.01,0.04,0.05,0.02,0.02,0.16,0.01,0.01,0.12,0.01,0.75,4.71,11.11,0.58,0.5217,0.01,0.01,0.07,0.01,0.02,0.14,0.01,0.05,0.01,0.07,0.13,2.2,0.03,0.02,0.01,0.03,0.06,0.09,0.12,0.01,0.01,0.01,0.02,0.17,0.18,0.05,0.01,0.03,0.02,0.01,0.02,0.01,0.01,0.01,0.01,0.03,0.03,0.09,0.02,0.06,0.01,0.01,0.01,0.05,0.01,0.01,0.1,0.12,0.01,0.01,0.08,0.06,0.01,0.02,0.02,0.01
nami-nami_ee.ela_372868,0.2,0,2.05,0.25,0.55,1.5,2,2.9,0.6,0.45,0.35,0.3,0.3016,0.1032,0.0079,0.0952,0.0079,0.0714,0.0317,0.0238,0.0159,0.0238,0.1746,0.0079,0.0079,0.0238,0.0079,0.6667,5.4127,11.45,0.4365,0.0789,0.0079,0.0079,0.0079,0.0079,0.0079,0.1984,0.0317,0.0079,0.1667,0.0238,0.0238,3.8333,0.0079,0.0238,0.0079,0.0397,0.1905,0.0397,0.0238,0.0159,0.1667,0.0079,0.0317,0.1508,0.0476,0.0635,0.0079,0.0159,0.0079,0.0079,0.0714,0.0159,0.0476,0.0159,0.0079,0.0079,0.0476,0.0397,0.0079,0.0397,0.0079,0.0079,0.0079,0.1032,0.0794,0.0317,0.1349,0.0159,0.0079,0.0238,0.0635,0.0317,0.0079,0.0079,0.1111,0.0714
no_spam_ee.ela_2227,0.55,0.1,0.55,2.35,2.9,1.45,2.4,1.4,0.7,1.75,0,0,0.4586,0.0387,0.0552,0.0497,0.0055,0.0331,0.0276,0.0276,0.011,0.0552,0.0939,0.0166,0.0055,0.0663,0.0497,0.6519,6.6022,18.1,0.3646,0.1446,0.0166,0.0055,0.0055,0.0166,0.0166,0.0884,0.0331,0.0055,0.0055,0.0552,0.0608,1.1818,0.0221,0.011,0.0055,0.0442,0.0718,0.0497,0.0718,0.011,0.0055,0.0055,0.0221,0.1436,0.2597,0.0608,0.0055,0.0055,0.0221,0.0387,0.0829,0.0055,0.011,0.0055,0.011,0.011,0.011,0.0387,0.0166,0.0497,0.0055,0.0055,0.0055,0.0608,0.0442,0.0055,0.1105,0.2873,0.0276,0.0497,0.0276,0.0221,0.0055,0.0166,0.0552,0.0331
rahvahaal_delfi_ee.ela_135048,0.6,2.5,0.55,1.25,0.15,0.7,0.65,1.75,2.7,0.6,3,2.05,0.223,0.0612,0.0108,0.1331,0.0036,0.0432,0.0216,0.0072,0.0288,0.0863,0.1727,0.0036,0.0036,0.0504,0.0216,0.6583,4.6007,9.93,0.4676,0.2258,0.0072,0.0072,0.0072,0.0144,0.0072,0.1475,0.0072,0.0108,0.0576,0.0432,0.0683,2.125,0.0324,0.0072,0.0144,0.018,0.1367,0.0072,0.0755,0.0144,0.0432,0.0036,0.0216,0.1799,0.036,0.0827,0.0144,0.0216,0.0288,0.0072,0.0252,0.0036,0.0144,0.0072,0.0072,0.0072,0.0036,0.0288,0.0252,0.0324,0.0072,0.0036,0.0108,0.0683,0.0468,0.0144,0.0576,0.054,0.0072,0.0576,0.036,0.0216,0.0036,0.036,0.0432,0.0432
rahvahaal_delfi_ee.ela_258274,0.4,2.6,0.8,1.7,0.55,1,0.85,0.55,0.2,0.15,1.1,2.15,0.2656,0.075,0.0063,0.1531,0.0031,0.0406,0.0188,0.0281,0.0188,0.0125,0.1406,0.0031,0.0031,0.075,0.0031,0.6563,4.9594,12.31,0.4344,0.2824,0.0188,0.0031,0.0031,0.0031,0.0219,0.1625,0.0219,0.0031,0.0031,0.1156,0.0938,2.875,0.0156,0.0063,0.0188,0.0219,0.1031,0.0656,0.1344,0.0156,0.0031,0.0031,0.0188,0.1719,0.0875,0.075,0.0188,0.0313,0.0094,0.0094,0.0344,0.0031,0.0219,0.0031,0.0031,0.0063,0.0094,0.0813,0.0406,0.0406,0.0156,0.0031,0.0031,0.0469,0.0406,0.0219,0.0969,0.05,0.0031,0.0125,0.05,0.0188,0.0031,0.0406,0.0594,0.0406
rahvahaal_delfi_ee.ela_388979,0.9,2.6,0.75,2.15,0.1,0.65,1.2,0.5,1,0.25,0.9,2.1,0.2246,0.0969,0.0189,0.0946,0.0024,0.0307,0.0355,0.0165,0.0213,0.0213,0.1726,0.0024,0.0024,0.0993,0.0024,0.6761,5.234,12.82,0.4184,0.4421,0.0165,0.0047,0.0213,0.0095,0.0189,0.1513,0.0118,0.0165,0.026,0.0662,0.0804,1.6452,0.0331,0.0071,0.0071,0.0355,0.0851,0.0733,0.1087,0.0095,0.0095,0.0024,0.0189,0.1726,0.1087,0.0615,0.0142,0.0118,0.026,0.0165,0.0355,0.0047,0.0189,0.0071,0.0047,0.0047,0.0165,0.0449,0.0236,0.0402,0.0189,0.0024,0.0095,0.0615,0.0378,0.0307,0.0922,0.0733,0.0024,0.0095,0.0496,0.0331,0.0024,0.0307,0.0284,0.0307
rahvahaal_delfi_ee.ela_499379,0.45,1,0.15,0.7,0,0.9,1.05,2.4,1.05,0.1,1.1,1.2,0.2022,0.1348,0.0056,0.1067,0.0112,0.0393,0.0506,0.0281,0.0281,0.0225,0.1461,0.0056,0.0056,0.0787,0.0169,0.6742,4.5393,17.8,0.427,0.3889,0,0.0112,0.0281,0.0112,0.0112,0.1236,0.0112,0.0169,0.0112,0.0393,0.1011,1,0.0506,0.0281,0.0169,0.0225,0.1011,0.0225,0.0899,0.0112,0.0112,0.0056,0.0562,0.2135,0.073,0.0843,0.0169,0.0056,0.0056,0.0056,0.0112,0.0112,0.0056,0.0056,0.0056,0.0056,0.0281,0.073,0.0337,0.0506,0.0169,0.0112,0.0056,0.0449,0.0506,0.0393,0.073,0.0506,0.0112,0.0112,0.073,0.0337,0.0056,0.0393,0.0618,0.0393
reform_ee.ela_24983,1.35,0.8,0.6,1.65,0.65,1.3,0.65,2,0.4,0.5,0.1,1.2,0.2449,0.0748,0.0068,0.1361,0.0068,0.0816,0.034,0.0136,0.0272,0.0068,0.1565,0.0068,0.0068,0.0476,0.0068,0.7279,5.3741,14.7,0.5442,0.1944,0.0204,0.0136,0.0068,0.0068,0.0068,0.1497,0.0204,0.0068,0.0068,0.0816,0.0952,1.2,0.0612,0.0204,0.0272,0.0204,0.1224,0.0272,0.1224,0.0136,0.0068,0.0068,0.0612,0.1769,0.0476,0.1156,0.034,0.0204,0.0068,0.0136,0.0068,0.0136,0.0068,0.0136,0.0068,0.0068,0.0136,0.0476,0.0272,0.0612,0.0136,0.0272,0.0136,0.0816,0.0884,0.0204,0.068,0.0408,0.0068,0.0068,0.0408,0.0408,0.0068,0.034,0.0884,0.0816
reisiajakiri_gomaailm_ee.ela_530539,0.15,1.1,1.25,0.4,0.35,0.3,1.4,0.6,0.4,0.05,1,1.15,0.2383,0.0725,0.0363,0.1192,0.0052,0.0415,0.0518,0.0415,0.0415,0.0052,0.1554,0.0052,0.0052,0.0725,0.0052,0.7047,5.3938,24.12,0.5648,0.3043,0.0155,0.0104,0.0259,0.0052,0.0052,0.1451,0.0155,0.0415,0.0052,0.057,0.1036,2.0909,0.0259,0.0104,0.0207,0.0207,0.1244,0.0207,0.1244,0.0052,0.0052,0.0052,0.0415,0.114,0.1036,0.0881,0.0311,0.0207,0.0259,0.0363,0.0518,0.0052,0.0104,0.0052,0.0052,0.0052,0.0155,0.0518,0.0311,0.0363,0.0207,0.0052,0.0052,0.0415,0.0518,0.0259,0.114,0.057,0.0052,0.0052,0.0518,0.0466,0.0052,0.0415,0.0518,0.0415
sport_autonet_ee.ela_515760,0.6,0.65,2.25,0.15,1.1,1.1,2.15,0.6,0.6,1,0.2,0.05,0.2061,0.0909,0.1818,0.0606,0.0061,0.0667,0.0061,0.0182,0.0061,0.097,0.1818,0.0061,0.0061,0.0242,0.0242,0.5939,4.8364,13.75,0.4303,0.1176,0,0.0061,0.0061,0.0061,0.0061,0.1394,0.0061,0.0061,0.0061,0.1273,0.0424,10,0.0061,0.0061,0.0121,0.0121,0.0424,0.097,0.1273,0.0061,0.0061,0.0061,0.0061,0.1879,0.103,0.0606,0.0121,0.0303,0.0364,0.0485,0.0364,0.0121,0.0121,0.0061,0.0182,0.0061,0.0182,0.0727,0.0061,0.0121,0.0182,0.0121,0.0061,0.0788,0.0667,0.0121,0.1636,0.0364,0.0121,0.0667,0.0606,0.0061,0.0061,0.0182,0.0727,0.0667
static_inimene_ee.ela_194968,0.8,0.1,0.8,1.45,1.25,2.7,1.3,0.5,0,0.8,0.35,0.3,0.3786,0.0857,0.0071,0.0571,0.0071,0.1071,0.0286,0.0571,0.0214,0.0071,0.1357,0.0071,0.0071,0.0286,0.0071,0.5357,6.45,17.5,0.2786,0.0755,0.0143,0.0143,0.0071,0.0071,0.0071,0.1643,0.0143,0.0071,0.0071,0.1429,0.0571,2.375,0.0286,0.0143,0.0071,0.0357,0.1643,0.0143,0.1429,0.0071,0.0071,0.0071,0.0071,0.2143,0.2214,0.0143,0.0143,0.0286,0.0071,0.0071,0.0214,0.0071,0.0071,0.0071,0.0071,0.0071,0.0143,0.1071,0.0286,0.0143,0.0143,0.0071,0.0071,0.0214,0.1071,0.0071,0.0643,0.1429,0.0071,0.0071,0.0357,0.0357,0.0071,0.0429,0.1357,0.1071
stiimul_ee.ela_330566,0.55,0.55,0.15,0.6,1.05,0.8,1.5,0,1.2,0.45,0.2,0.7,0.2829,0.0855,0.0724,0.1382,0.0066,0.0592,0.0197,0.0395,0.0132,0.0132,0.1513,0.0066,0.0066,0.0461,0.0197,0.7303,5.9934,19,0.5329,0.1628,0.0066,0.0066,0.0132,0.0066,0.0132,0.1382,0.0395,0.0066,0.0066,0.1053,0.0724,1.8889,0.0132,0.0066,0.0132,0.0526,0.1118,0.0592,0.1184,0.0066,0.0066,0.0066,0.0132,0.2171,0.1382,0.0197,0.0197,0.0132,0.0066,0.0197,0.0263,0.0066,0.0132,0.0066,0.0066,0.0132,0.0395,0.0658,0.0461,0.0263,0.0197,0.0066,0.0066,0.0329,0.0658,0.0197,0.1118,0.0789,0.0197,0.0066,0.0263,0.0132,0.0066,0.0461,0.0855,0.0592
toompark_pri_ee.ela_458650,1.3,2.3,0.45,1.1,0.3,0.4,0.55,1.05,0.65,0.35,1.5,2.9,0.1471,0.0588,0.1078,0.1863,0.0098,0.0392,0.0196,0.0294,0.0294,0.0098,0.1471,0.0098,0.0098,0.1078,0.0098,0.7647,5.0294,12.75,0.6373,0.7333,0.0392,0.0098,0.0196,0.0098,0.0294,0.2059,0.0098,0.0294,0.0098,0.098,0.1569,1.3,0.0392,0.0098,0.0196,0.0686,0.1373,0.0686,0.1373,0.0098,0.0098,0.0098,0.0294,0.1863,0.0882,0.049,0.0196,0.0196,0.0294,0.0098,0.0294,0.0098,0.0392,0.0098,0.0098,0.0196,0.0294,0.0784,0.0196,0.098,0.0098,0.0196,0.0098,0.0686,0.0392,0.0294,0.0882,0.049,0.0196,0.0098,0.0392,0.0196,0.0098,0.0294,0.0784,0.0392
unitedkiters_ee.ela_78733,0.9,2.4,0.9,0.65,0.7,0.65,0.8,0.45,0.2,1.1,1.8,1.65,0.2632,0.1203,0.015,0.1579,0.0075,0.0827,0.0226,0.0301,0.0301,0.0451,0.1053,0.0075,0.0075,0.0451,0.015,0.7669,4.9023,12.09,0.6241,0.1714,0,0.0075,0.0075,0.0075,0.0075,0.1353,0.015,0.0075,0.0075,0.1053,0.0902,3,0.015,0.015,0.0226,0.015,0.0451,0.0902,0.1203,0.0075,0.0075,0.0075,0.0226,0.2406,0.0752,0.0677,0.0226,0.0301,0.0301,0.0075,0.015,0.0075,0.0075,0.0075,0.0075,0.0075,0.0451,0.0376,0.0526,0.0451,0.0075,0.0075,0.015,0.0301,0.0902,0.015,0.0602,0.0902,0.0075,0.0451,0.0677,0.015,0.0075,0.0526,0.0977,0.0827
untitled,1.55,1.6,0.8,0.35,0.35,0.9,0.7,0.8,0.3,0.3,0.4,0.2,0.2895,0.114,0.0877,0.1053,0.0088,0.0614,0.0351,0.0351,0.0263,0.0263,0.1316,0.0088,0.0088,0.0702,0.0088,0.8158,5.3158,19,0.6754,0.2424,0.0088,0.0263,0.0263,0.0088,0.0263,0.1316,0.0175,0.0439,0.0088,0.0789,0.0439,4,0.0088,0.0088,0.0088,0.0351,0.0614,0.0877,0.114,0.0088,0.0088,0.0088,0.0088,0.1228,0.1754,0.0965,0.0088,0.0175,0.0702,0.0175,0.0614,0.0088,0.0351,0.0088,0.0088,0.0088,0.0351,0.0614,0.0175,0.0088,0.0263,0.0088,0.0088,0.0789,0.0614,0.0263,0.1404,0.1053,0.0175,0.0175,0.0877,0.0263,0.0088,0.0175,0.0614,0.0614
uudised_err_ee.ela_541051,0.6,1.05,0.3,1.5,0.6,0.95,1.15,0.4,0.55,0.75,0.2,0.95,0.2549,0.1078,0.0735,0.0882,0.0049,0.0196,0.0245,0.0392,0.0294,0.0196,0.1765,0.0049,0.0049,0.0539,0.0098,0.6912,5.451,20.4,0.4069,0.2115,0.0147,0.0147,0.0098,0.0049,0.0196,0.1275,0.0196,0.0098,0.0049,0.0833,0.0735,1.75,0.0294,0.0049,0.0098,0.0343,0.0588,0.0833,0.1029,0.0098,0.0049,0.0049,0.0196,0.1912,0.1078,0.0784,0.0147,0.049,0.0196,0.0098,0.0392,0.0049,0.0098,0.0049,0.0049,0.0049,0.0147,0.0588,0.0343,0.0539,0.0147,0.0049,0.0049,0.0441,0.0196,0.0049,0.152,0.0588,0.0196,0.0196,0.0882,0.0196,0.0049,0.0294,0.0294,0.0196
uuseesti_ee.ela_112397,0.6,0.5,0.8,0.45,2,1.75,1.25,0.35,0.5,1,0.5,0.25,0.3133,0.1084,0.2048,0.1084,0.012,0.0482,0.0241,0.012,0.012,0.0241,0.0964,0.012,0.012,0.0361,0.0723,0.7711,7.506,27.67,0.6265,0.1154,0,0.012,0.012,0.012,0.012,0.1325,0.012,0.012,0.012,0.1084,0.0361,3,0.0361,0.012,0.012,0.0241,0.0843,0.0602,0.1205,0.012,0.012,0.012,0.0241,0.1928,0.1928,0.0723,0.0361,0.0361,0.012,0.0602,0.0602,0.012,0.0241,0.012,0.012,0.012,0.012,0.1205,0.012,0.0241,0.0241,0.012,0.012,0.0723,0.0482,0.0361,0.1325,0.2048,0.0241,0.0241,0.0843,0.0241,0.012,0.012,0.0723,0.0482
valitsus_ee.ela_132104,0.6,0.5,0.5,1.4,2.4,2.4,1.8,1,0.2,1.1,0.3,0.25,0.4593,0.1259,0.037,0.037,0.0074,0.0741,0.0148,0.0148,0.0222,0.0074,0.1259,0.0074,0.0074,0.0444,0.0074,0.7259,7.7704,19.29,0.563,0.0968,0.0148,0.0074,0.0074,0.0074,0.0074,0.1185,0.0593,0.0074,0.0074,0.0593,0.0222,0.5882,0.037,0.0148,0.0074,0.0963,0.1407,0.037,0.0815,0.0074,0.0074,0.0074,0.0074,0.1037,0.2889,0.1259,0.0074,0.0519,0.0296,0.0222,0.0148,0.0148,0.0148,0.0074,0.0074,0.0074,0.037,0.0444,0.0148,0.0148,0.0296,0.0074,0.0074,0.1185,0.0741,0.0222,0.0889,0.2074,0.0074,0.0074,0.0444,0.0074,0.0074,0.0148,0.1037,0.0741
valitsus_ee.ela_480708,1.5,1.9,0.5,1.15,0.7,0.65,0.85,0.7,0.85,0.45,0.25,1.9,0.1882,0.0431,0.0824,0.1059,0.0039,0.0549,0.0275,0.0314,0.0314,0.0196,0.1294,0.0039,0.0039,0.1294,0.0078,0.6549,4.9569,17,0.3882,0.6875,0.0039,0.0078,0.0588,0.0039,0.0118,0.1333,0.0235,0.0431,0.0039,0.0549,0.0745,2,0.0392,0.0078,0.0118,0.0196,0.0902,0.0588,0.1294,0.0039,0.0039,0.0039,0.0275,0.1294,0.1529,0.0471,0.0078,0.0353,0.0157,0.0392,0.0235,0.0039,0.0314,0.0039,0.0039,0.0039,0.0078,0.0667,0.0196,0.0392,0.0314,0.0118,0.0039,0.0471,0.0627,0.0353,0.1216,0.0941,0.0078,0.0118,0.0235,0.0235,0.0039,0.0235,0.0667,0.0549
valitsus_ee.ela_604239,1.5,0.35,0.4,1,2.05,2.4,1.65,1.2,0.3,1.5,0.25,0.45,0.3518,0.1186,0.1423,0.0553,0.004,0.0711,0.0119,0.0237,0.0119,0.004,0.1186,0.004,0.004,0.0198,0.0632,0.668,7.5573,19.46,0.4348,0.0562,0,0.004,0.004,0.004,0.004,0.1028,0.0277,0.004,0.004,0.0672,0.0395,1.1176,0.0237,0.004,0.0079,0.0474,0.0949,0.0316,0.0751,0.0079,0.004,0.004,0.004,0.1462,0.2806,0.083,0.004,0.0593,0.0079,0.0119,0.0079,0.004,0.0316,0.004,0.004,0.004,0.0158,0.0474,0.0158,0.0119,0.0119,0.004,0.0079,0.0751,0.0751,0.004,0.0751,0.2411,0.004,0.004,0.0711,0.0119,0.004,0.0198,0.0909,0.0711
video_usk_ee.ela_152445,1.15,0.8,0.4,2.15,0.1,1.3,0.55,0.15,0.35,0.2,0.3,2.3,0.2663,0.0854,0.0603,0.1256,0.005,0.0603,0.0151,0.0302,0.0302,0.005,0.191,0.005,0.005,0.0452,0.0151,0.5528,4.6935,19.9,0.3417,0.1698,0.0251,0.0201,0.0151,0.005,0.005,0.1106,0.0201,0.005,0.005,0.0704,0.0955,2.25,0.0101,0.0101,0.0151,0.0251,0.0955,0.0251,0.0905,0.0101,0.005,0.005,0.0201,0.1809,0.1357,0.0352,0.0101,0.0603,0.0201,0.0151,0.0101,0.005,0.005,0.005,0.0151,0.005,0.0201,0.0352,0.0452,0.0302,0.005,0.0101,0.005,0.0251,0.0653,0.0151,0.0553,0.0955,0.0151,0.005,0.0553,0.0251,0.005,0.0553,0.0854,0.0603
www_3dnews_ee.ela_435253,1,0.05,0.55,0.55,1.7,2.6,2.25,1.15,0.1,1.7,0,0.55,0.2836,0.0896,0.1045,0.0821,0.0075,0.0299,0.0075,0.0224,0.0373,0.0448,0.1567,0.0075,0.0075,0.0299,0.0149,0.709,6.097,14.89,0.5448,0.1053,0,0.0149,0.0075,0.0075,0.0075,0.1269,0.0522,0.0075,0.0075,0.097,0.0896,0.8235,0.0672,0.0149,0.0149,0.0597,0.1269,0.0448,0.1119,0.0075,0.0075,0.0075,0.0149,0.194,0.1269,0.1269,0.0224,0.0448,0.0149,0.0075,0.0149,0.0075,0.0149,0.0075,0.0149,0.0075,0.0149,0.0448,0.0224,0.0672,0.0224,0.0075,0.0075,0.0896,0.0299,0.0149,0.1045,0.0522,0.0448,0.0224,0.0522,0.0224,0.0075,0.0224,0.0672,0.0299
www_admiralmarkets_ee.ela_333517,0.8,0.1,1.65,0.65,1.2,2.1,2.05,0.6,0,0.85,0,0.2,0.3109,0.0588,0.0336,0.0924,0.0084,0.042,0.0168,0.0672,0.0252,0.0756,0.1261,0.0672,0.0084,0.0252,0.0084,0.6555,5.4286,13.22,0.4286,0.0811,0.0168,0.0084,0.0084,0.0084,0.0084,0.1429,0.0168,0.0084,0.0084,0.1092,0.0672,1.7143,0.0084,0.0252,0.0084,0.0504,0.0504,0.1092,0.1092,0.0084,0.0084,0.0084,0.0168,0.1345,0.1597,0.042,0.0084,0.0924,0.0336,0.0084,0.0168,0.0084,0.0084,0.0084,0.0084,0.0084,0.0252,0.084,0.0252,0.0504,0.0084,0.0084,0.0084,0.042,0.042,0.0084,0.084,0.1261,0.0084,0.0672,0.0588,0.0252,0.0084,0.0252,0.0672,0.042
www_admiralmarkets_ee.ela_456804,1.25,0.95,0.85,1.3,0.8,1.25,2.1,0.35,0.55,1.3,0.45,1.15,0.2444,0.1111,0.0667,0.163,0.0074,0.0296,0.037,0.0296,0.0148,0.0222,0.1111,0.0222,0.0074,0.0593,0.0148,0.7704,5.7185,19.29,0.6222,0.2424,0.0148,0.0074,0.0074,0.0074,0.0148,0.1259,0.0148,0.0074,0.0074,0.0963,0.0815,1.875,0.0444,0.0148,0.0074,0.0222,0.0963,0.0444,0.1185,0.0074,0.0074,0.0074,0.0296,0.1407,0.1852,0.0593,0.0074,0.0444,0.0296,0.0148,0.0222,0.0074,0.0148,0.0074,0.0074,0.0074,0.0074,0.0593,0.037,0.0444,0.0148,0.0074,0.0148,0.0593,0.0444,0.0296,0.0815,0.1185,0.0148,0.0222,0.0741,0.037,0.0074,0.037,0.037,0.0296
www_advent_ee.ela_658698,1.8,2.3,1.3,1.15,0.2,0.45,0.7,0.9,1.15,0.35,0.5,1.8,0.2298,0.055,0.0356,0.0971,0.0032,0.0518,0.0227,0.0453,0.0324,0.0097,0.1553,0.0032,0.0032,0.0939,0.0032,0.7023,4.7055,16.26,0.4531,0.4085,0.0097,0.0162,0.0356,0.0097,0.0194,0.1845,0.0097,0.0712,0.0065,0.068,0.1036,2.3684,0.0162,0.0097,0.0194,0.0291,0.0583,0.1197,0.1392,0.0097,0.0065,0.0032,0.0129,0.1003,0.1359,0.0809,0.0097,0.0291,0.0162,0.0615,0.0162,0.0065,0.0097,0.0032,0.0032,0.0032,0.0065,0.0453,0.0227,0.0324,0.0129,0.0065,0.0065,0.0615,0.0647,0.0162,0.1294,0.0744,0.0032,0.0097,0.0388,0.0324,0.0032,0.0259,0.0744,0.0518
www_aialeht_ee.ela_457123,0.65,0.9,0.85,1,0.3,0.65,0.8,2.4,2.7,0.7,2.5,0.65,0.2101,0.0906,0.0145,0.1014,0.0036,0.0435,0.0217,0.0217,0.0326,0.0761,0.1703,0.0036,0.0036,0.0543,0.0145,0.721,4.6449,12,0.4855,0.2586,0.0036,0.0109,0.0145,0.0072,0.0145,0.1558,0.0109,0.0217,0.0217,0.0725,0.1014,2.3125,0.0362,0.0036,0.0217,0.0109,0.1014,0.0471,0.1087,0.0181,0.0181,0.0036,0.0217,0.1667,0.0688,0.058,0.0145,0.0254,0.0254,0.0145,0.0254,0.0072,0.0254,0.0036,0.0036,0.0072,0.0145,0.0543,0.029,0.0362,0.0072,0.0036,0.0072,0.0435,0.0507,0.0326,0.0797,0.0362,0.0036,0.0399,0.0616,0.0217,0.0036,0.029,0.0652,0.0435
www_ajakiri_ut_ee.ela_429007,0.35,0.15,0.35,0.75,1.35,1.15,1.05,0.65,0.7,0.65,0,0.1,0.425,0.0625,0.175,0.0375,0.0125,0.1375,0.0125,0.0125,0.0125,0.0125,0.1125,0.0125,0.0125,0.0375,0.05,0.75,6.8375,20,0.7,0.0882,0,0.0125,0.0125,0.0125,0.0125,0.0875,0.025,0.0125,0.0125,0.075,0.0375,3,0.025,0.0125,0.025,0.0125,0.075,0.025,0.0875,0.0125,0.0125,0.0125,0.0125,0.1125,0.3,0.0625,0.025,0.05,0.0125,0.0375,0.1,0.0125,0.0125,0.0125,0.0125,0.0125,0.0375,0.0625,0.0125,0.0125,0.025,0.0125,0.0125,0.075,0.1375,0.0375,0.1,0.2625,0.0375,0.0125,0.0625,0.0125,0.0125,0.0125,0.1375,0.1375
www_alphagis_ee.ela_403490,0.8,0.05,0.2,1.3,1.6,2.15,2.55,1.05,0.7,2.7,0.35,0.15,0.3265,0.1224,0.1786,0.0612,0.0051,0.051,0.0102,0.0255,0.0153,0.0306,0.1071,0.0051,0.0051,0.0204,0.0867,0.7602,6.6888,15.08,0.5816,0.0625,0.0102,0.0051,0.0051,0.0051,0.0051,0.0969,0.0204,0.0051,0.0051,0.0765,0.0306,1.0769,0.0357,0.0051,0.0051,0.0408,0.0969,0.0204,0.0714,0.0051,0.0102,0.0051,0.0051,0.2092,0.2143,0.0714,0.0204,0.0255,0.0051,0.0051,0.0153,0.0051,0.0357,0.0051,0.0051,0.0051,0.0306,0.0561,0.0102,0.0204,0.0051,0.0051,0.0051,0.0816,0.051,0.0204,0.0816,0.1735,0.0255,0.0306,0.0867,0.0102,0.0051,0.0102,0.0663,0.051
www_auto24_ee.ela_469677,0.7,2.3,0.45,1.35,0.4,0.6,0.8,0.6,0.9,0.7,2.3,2.9,0.1981,0.0519,0.0032,0.1916,0.0065,0.0357,0.0552,0.0292,0.013,0.013,0.1396,0.0032,0.0032,0.0942,0.0097,0.6461,4.6429,17.11,0.4318,0.4754,0.0195,0.0065,0.0065,0.026,0.0292,0.1753,0.0065,0.0097,0.0227,0.0714,0.0974,1.625,0.0292,0.0065,0.039,0.0162,0.1266,0.0195,0.1136,0.0162,0.0065,0.0032,0.0227,0.1429,0.0714,0.0617,0.0422,0.0325,0.0032,0.0065,0.0195,0.0097,0.013,0.0032,0.0032,0.0032,0.0097,0.0714,0.0195,0.0487,0.0032,0.0032,0.0065,0.0552,0.0455,0.0227,0.0779,0.0422,0.0065,0.0097,0.0422,0.0455,0.0032,0.0292,0.0617,0.0357
www_autoleht_ee.ela_469280,0.4,0.2,0.5,0.25,0.65,2.5,2.7,0.15,0.1,1.45,0.25,0.5,0.2647,0.0882,0.1078,0.1275,0.0098,0.0392,0.0294,0.0392,0.0098,0.098,0.1471,0.0098,0.0098,0.0294,0.0686,0.7745,5.3529,12.75,0.6765,0.1111,0,0.0098,0.0098,0.0098,0.0098,0.1078,0.0196,0.0098,0.0098,0.098,0.0588,2.5,0.0392,0.0098,0.0098,0.0196,0.1176,0.0098,0.1078,0.0098,0.0098,0.0098,0.0098,0.1961,0.0882,0.0686,0.0098,0.0098,0.0196,0.049,0.0294,0.0098,0.0098,0.0098,0.0098,0.0098,0.0392,0.0588,0.0294,0.0294,0.0196,0.0098,0.0098,0.0588,0.0392,0.0098,0.098,0.0882,0.0196,0.0784,0.049,0.0294,0.0098,0.0294,0.0588,0.0392
www_bioneer_ee.ela_243230,0.75,0,1.15,1,2.7,1.95,1.4,0.85,0.3,1.4,0.75,0.4,0.3158,0.1053,0.0451,0.0902,0.0075,0.0301,0.0526,0.0602,0.015,0.0075,0.1128,0.0075,0.0075,0.0451,0.0075,0.7218,6.3233,33.25,0.4962,0.1429,0.0226,0.015,0.0075,0.0075,0.0075,0.1579,0.0226,0.0075,0.0075,0.0827,0.0977,0.8667,0.0451,0.015,0.0301,0.0526,0.1053,0.0526,0.0977,0.015,0.0075,0.0075,0.0226,0.1053,0.2105,0.0677,0.0301,0.0226,0.015,0.0226,0.0451,0.015,0.0301,0.0075,0.0075,0.0075,0.015,0.0526,0.0226,0.0677,0.015,0.0226,0.0075,0.0752,0.0451,0.015,0.1203,0.1429,0.0075,0.015,0.0677,0.0226,0.0075,0.0226,0.0376,0.0301
www_bsd_ee.ela_638246,1,0.45,0.95,0.45,1.3,1.9,2.15,0.65,0.7,2.3,0.35,0.65,0.2345,0.0897,0.1724,0.069,0.0069,0.0552,0.0345,0.0414,0.0483,0.0207,0.1241,0.0069,0.0069,0.0621,0.0897,0.7379,5.7793,24.17,0.5241,0.2647,0.0207,0.0207,0.0069,0.0069,0.0207,0.1172,0.0276,0.0069,0.0069,0.0966,0.0828,3.75,0.0138,0.0069,0.0138,0.0207,0.0552,0.0828,0.1103,0.0069,0.0069,0.0069,0.0069,0.2,0.1862,0.0207,0.0138,0.0276,0.0276,0.0345,0.0414,0.0069,0.0345,0.0069,0.0069,0.0138,0.0138,0.0621,0.0345,0.0207,0.0207,0.0069,0.0069,0.0414,0.0552,0.0207,0.0897,0.131,0.0207,0.0138,0.0897,0.0276,0.0069,0.0345,0.0621,0.0552
www_delfi_ee.ela_361703,0.75,2.6,1.2,2.05,0,1,0.45,0.55,2.3,0.2,2.9,3,0.2685,0.063,0.0137,0.0822,0.0055,0.0384,0.0329,0.0356,0.0219,0.0548,0.1425,0.0027,0.0027,0.0521,0.0164,0.6356,5.1068,17.38,0.4247,0.1939,0.0192,0.0082,0.0027,0.0027,0.011,0.1753,0.011,0.0027,0.0164,0.0932,0.1041,1.5625,0.0411,0.0082,0.0219,0.0274,0.1534,0.0137,0.1123,0.0137,0.0192,0.0027,0.0247,0.211,0.074,0.0548,0.0219,0.0164,0.0055,0.0247,0.0137,0.011,0.0055,0.0027,0.0027,0.0027,0.011,0.0822,0.0137,0.0603,0.0082,0.0027,0.0027,0.0521,0.0466,0.0301,0.0959,0.0521,0.0055,0.0219,0.0301,0.0301,0.0027,0.0301,0.0712,0.0411
www_director_ee.ela_529643,0.75,0.4,0.75,0.45,0.1,0.65,1.05,0.9,1.05,0.75,0.6,1.05,0.2804,0.1111,0.037,0.1058,0.0053,0.0582,0.0212,0.0317,0.0317,0.0212,0.1587,0.0053,0.0053,0.0794,0.0053,0.7037,5.6402,21,0.545,0.283,0.0106,0.0053,0.0159,0.0106,0.0053,0.1005,0.0317,0.0317,0.0053,0.0688,0.0582,1.7,0.0265,0.0053,0.0053,0.037,0.0476,0.0847,0.0952,0.0053,0.0053,0.0053,0.0053,0.1481,0.2063,0.0529,0.0053,0.0317,0.0159,0.037,0.0317,0.0106,0.0106,0.0053,0.0106,0.0053,0.0053,0.0423,0.0159,0.0106,0.0159,0.0106,0.0106,0.0794,0.0582,0.0053,0.1058,0.127,0.0106,0.0212,0.0582,0.0159,0.0053,0.0212,0.0741,0.0582
www_dragon_ee.ela_303548,1.05,1.85,0.55,0.95,0.15,0.4,0.95,0.55,2.5,1.2,2.9,2.45,0.2007,0.0592,0.0132,0.1743,0.0066,0.0461,0.0263,0.0197,0.023,0.0296,0.148,0.0033,0.0033,0.0757,0.0197,0.6875,4.6151,15.2,0.4638,0.377,0.0132,0.0132,0.0329,0.0099,0.0033,0.1513,0.0132,0.0132,0.0099,0.0822,0.102,1.44,0.0395,0.0099,0.023,0.023,0.0263,0.1184,0.1118,0.0099,0.0066,0.0033,0.023,0.1612,0.0395,0.0822,0.0263,0.023,0.023,0.0132,0.0197,0.0066,0.0033,0.0033,0.0066,0.0033,0.0099,0.0493,0.0395,0.0461,0.0066,0.0033,0.0099,0.0428,0.0493,0.0296,0.102,0.0395,0.0099,0.0197,0.0362,0.0164,0.0033,0.0428,0.0658,0.0461
www_easl_ee.ela_201171,0.2,0.4,0.8,0.25,0.8,0.9,1.8,0.3,0.55,0.3,0.1,0.05,0.2346,0.0864,0.2963,0.0864,0.0123,0.0617,0.0123,0.0123,0.0123,0.037,0.1481,0.0123,0.0123,0.0494,0.0247,0.7654,7.0988,20.25,0.6914,0.2105,0,0.0123,0.0123,0.0123,0.0123,0.1235,0.0247,0.0123,0.0123,0.0988,0.0494,4,0.0123,0.0123,0.0123,0.037,0.0494,0.0988,0.1111,0.0123,0.0123,0.0123,0.0123,0.284,0.0864,0.1111,0.0247,0.0494,0.0123,0.0123,0.1111,0.0123,0.0247,0.0123,0.0123,0.0123,0.037,0.0741,0.037,0.0123,0.0494,0.0123,0.0123,0.037,0.0617,0.0247,0.1481,0.0988,0.0494,0.0247,0.0247,0.0123,0.0123,0.037,0.0864,0.0617
www_eestigiid_ee.ela_530847,0.3,0.15,0.45,0.25,1.35,2.7,2.5,0.05,0.1,1.2,0.15,0.25,0.2857,0.102,0.1388,0.0612,0.0041,0.0245,0.0041,0.0122,0.0122,0.0898,0.1918,0.0041,0.0041,0.0286,0.0571,0.5755,4.9918,22.27,0.4122,0.1,0.0204,0.0082,0.0041,0.0041,0.0041,0.102,0.0082,0.0041,0.0041,0.0776,0.0694,4,0.0041,0.0041,0.0041,0.0245,0.098,0.0122,0.0816,0.0041,0.0041,0.0082,0.0082,0.2449,0.1184,0.0571,0.0041,0.0531,0.0245,0.0122,0.0245,0.0041,0.0245,0.0041,0.0082,0.0082,0.0082,0.0286,0.0816,0.0163,0.0082,0.0041,0.0041,0.0163,0.0245,0.0122,0.0735,0.1143,0.0082,0.0898,0.0653,0.0041,0.0041,0.0571,0.1061,0.0245
www_eestikirik_ee.ela_530609,2.6,1.2,0.2,1.3,0.4,0.6,0.5,1.45,0.95,0.8,0.7,1.3,0.153,0.0328,0.0437,0.1202,0.0055,0.0273,0.071,0.0164,0.0219,0.0055,0.153,0.0055,0.0055,0.1694,0.0055,0.6503,4.4645,20.33,0.3989,1.1071,0.0383,0.0109,0.071,0.0055,0.0164,0.1803,0.0273,0.0328,0.0055,0.071,0.1148,1.4706,0.0328,0.0109,0.0437,0.0273,0.1148,0.0546,0.1366,0.0109,0.0055,0.0055,0.0328,0.1694,0.0929,0.0656,0.0601,0.0109,0.0109,0.0219,0.0109,0.0109,0.0109,0.0055,0.0055,0.0055,0.0219,0.1038,0.0219,0.0765,0.0328,0.0109,0.0109,0.0765,0.0383,0.0219,0.082,0.0765,0.0055,0.0055,0.0109,0.0437,0.0055,0.0273,0.0219,0.0273
www_eestisport_ee.ela_196071,0.4,0.1,1.85,0.4,0.85,2.25,1.85,0.55,0.1,0.65,0,0.1,0.3261,0.0435,0.0797,0.0507,0.0072,0.029,0.0217,0.029,0.0145,0.1594,0.1739,0.0145,0.0072,0.029,0.0145,0.6884,5.5725,23,0.5145,0.0889,0,0.0145,0.0072,0.0072,0.0072,0.1159,0.0072,0.0072,0.0072,0.0942,0.0362,4.3333,0.0072,0.0145,0.0072,0.0217,0.0362,0.087,0.0942,0.0145,0.0072,0.0072,0.0072,0.1884,0.1812,0.0507,0.0072,0.0217,0.0145,0.029,0.058,0.0072,0.0217,0.0072,0.0072,0.0072,0.0435,0.0797,0.0145,0.0217,0.0217,0.0072,0.0072,0.029,0.0362,0.0072,0.1594,0.1377,0.0072,0.0797,0.0435,0.0145,0.0072,0.0217,0.0652,0.029
www_ekspress_ee.ela_177019,2.6,1.4,0.2,1.95,0.6,0.85,0.6,0.55,2.5,1.5,2.5,2.5,0.2338,0.0755,0.0108,0.1547,0.0036,0.0468,0.0324,0.0144,0.0144,0.036,0.2086,0.0036,0.0036,0.0396,0.0072,0.6259,4.8058,14.63,0.4317,0.1692,0.018,0.0036,0.0036,0.0036,0.0036,0.1331,0.0072,0.0216,0.0072,0.0683,0.0863,3.4,0.0288,0.0036,0.0036,0.0144,0.1151,0.0252,0.1187,0.0072,0.0072,0.0036,0.0324,0.1727,0.0432,0.0683,0.0036,0.0216,0.0144,0.0108,0.018,0.0036,0.018,0.0036,0.0108,0.0072,0.0108,0.0396,0.036,0.0324,0.0108,0.0072,0.0108,0.0288,0.0576,0.0216,0.0719,0.0504,0.0072,0.0144,0.036,0.0108,0.0036,0.0504,0.0755,0.0468
www_ekspress_ee.ela_495829,0.85,2.3,0.95,1.15,0,0.8,1.25,0.8,2.6,1.6,2.9,2.25,0.2222,0.0535,0.0535,0.0947,0.0041,0.0288,0.0288,0.0082,0.0329,0.0782,0.1811,0.0041,0.0041,0.0617,0.0123,0.679,5.428,13.5,0.4568,0.2778,0.0165,0.0123,0.0041,0.0082,0.0165,0.1646,0.0123,0.0041,0.0165,0.07,0.107,2.4615,0.0206,0.0041,0.0165,0.0288,0.1317,0.0329,0.107,0.0206,0.0165,0.0041,0.0494,0.2222,0.0658,0.0576,0.0123,0.0412,0.0041,0.0165,0.0247,0.0041,0.0082,0.0041,0.0041,0.0041,0.0247,0.0658,0.0453,0.0576,0.0082,0.0041,0.0041,0.0288,0.037,0.0206,0.0617,0.0535,0.0165,0.0412,0.0247,0.0247,0.0041,0.0494,0.07,0.0288
www_employers_ee.ela_617415,0.45,0.35,1.25,1.2,1.5,1.65,1.7,0.4,0.3,0.8,0.1,0.15,0.2984,0.0484,0.1048,0.1129,0.0081,0.0161,0.0403,0.0484,0.0242,0.0565,0.1774,0.0081,0.0081,0.0484,0.0403,0.7339,5.9274,15.5,0.5565,0.1622,0,0.0081,0.0081,0.0081,0.0323,0.129,0.0161,0.0081,0.0081,0.1048,0.0323,4.3333,0.0081,0.0081,0.0081,0.0323,0.0484,0.0968,0.1129,0.0081,0.0081,0.0081,0.0081,0.1129,0.2016,0.0806,0.0161,0.0323,0.0081,0.0323,0.0484,0.0081,0.0081,0.0081,0.0161,0.0081,0.0323,0.0806,0.0161,0.0161,0.0161,0.0081,0.0081,0.0484,0.0242,0.0081,0.129,0.1452,0.0242,0.0403,0.0242,0.0323,0.0081,0.0161,0.0242,0.0161
www_emta_ee.ela_522725,1.25,0.05,0.5,0.6,2.8,2.3,2.1,1.7,0.1,2.4,0.35,0.4,0.3519,0.1481,0.0463,0.0833,0.0093,0.0278,0.0278,0.037,0.0185,0.0556,0.1204,0.0185,0.0093,0.0463,0.0278,0.7222,6.5463,27,0.4537,0.1316,0.0093,0.0093,0.0093,0.0093,0.0278,0.1204,0.0833,0.0093,0.0093,0.0648,0.0741,0.5333,0.037,0.0093,0.0093,0.1204,0.1204,0.0833,0.0741,0.0185,0.0093,0.0093,0.0185,0.0833,0.1852,0.0648,0.0093,0.0463,0.0926,0.0185,0.0278,0.0278,0.0278,0.0093,0.0093,0.0093,0.0093,0.037,0.0093,0.0556,0.0185,0.0093,0.0185,0.0833,0.0278,0.0093,0.1667,0.1389,0.0093,0.037,0.0463,0.0185,0.0093,0.0185,0.037,0.0278
www_epl_ee.ela_495381,0.3,0.75,1.7,1.75,0.9,1.65,2.4,0.55,0.45,1,0.05,0.6,0.3451,0.0752,0.0575,0.0752,0.0044,0.0354,0.0265,0.0575,0.0177,0.0531,0.1195,0.0044,0.0044,0.031,0.0177,0.7611,5.8982,17.38,0.5487,0.0897,0,0.0133,0.0044,0.0044,0.0044,0.1504,0.0088,0.0044,0.0044,0.1106,0.0575,2.6,0.0088,0.0088,0.0221,0.0221,0.0752,0.0664,0.1195,0.0044,0.0044,0.0044,0.0088,0.1637,0.2168,0.0487,0.0354,0.0265,0.0265,0.0088,0.0398,0.0044,0.0044,0.0044,0.0044,0.0133,0.0088,0.1018,0.0088,0.0265,0.0221,0.0044,0.0044,0.031,0.0398,0.0088,0.1416,0.1327,0.0044,0.0442,0.0619,0.0354,0.0044,0.0088,0.0442,0.0354
www_epl_ee.ela_679018,0.55,0.1,0.9,0.8,1.4,1.2,0.75,0.5,0.5,1.3,0.2,0.15,0.2895,0.0724,0.2368,0.0724,0.0066,0.0329,0.0132,0.0066,0.0066,0.0066,0.1316,0.0066,0.0066,0.0329,0.0461,0.6842,5.9934,25.33,0.5066,0.1136,0,0.0066,0.0066,0.0066,0.0066,0.1382,0.0329,0.0066,0.0066,0.0921,0.0658,0.7778,0.0526,0.0132,0.0197,0.0592,0.0724,0.0855,0.0987,0.0066,0.0066,0.0066,0.0066,0.1579,0.2039,0.0724,0.0197,0.0789,0.0066,0.0197,0.0197,0.0197,0.0197,0.0066,0.0066,0.0132,0.0066,0.0855,0.0066,0.0263,0.0329,0.0066,0.0066,0.0987,0.0395,0.0329,0.0987,0.1711,0.0395,0.0066,0.0329,0.0197,0.0066,0.0066,0.0526,0.0329
www_epl_ee.ela_685672,1.15,2.4,0.7,2.15,0.1,0.9,1.45,1,1.2,0.7,1.8,2.55,0.2226,0.0415,0.0119,0.1306,0.003,0.0386,0.0356,0.0208,0.0267,0.0178,0.1543,0.003,0.003,0.1009,0.0089,0.6588,4.7537,13.48,0.3739,0.4533,0.0119,0.0148,0.003,0.0208,0.0208,0.1543,0.0208,0.003,0.0208,0.0593,0.1217,2.4211,0.0208,0.0089,0.0297,0.0089,0.1157,0.0326,0.1187,0.0148,0.0119,0.003,0.0445,0.1691,0.0682,0.0742,0.0297,0.0237,0.0208,0.0237,0.0237,0.003,0.0089,0.0059,0.0059,0.003,0.0089,0.0534,0.0386,0.0682,0.0119,0.003,0.0059,0.0653,0.0504,0.0237,0.095,0.0564,0.003,0.0119,0.0267,0.0386,0.0059,0.0356,0.0386,0.0386
www_eramets_ee.ela_479405,0.55,0.4,0.5,0.45,2.9,2.9,1.5,1,0,1.3,0.05,0,0.3483,0.2472,0.0562,0.0674,0.0112,0.0562,0.0449,0.0112,0.0112,0.0674,0.1011,0.0112,0.0112,0.0112,0.0225,0.7079,7.4719,29.67,0.4831,0.0323,0,0.0112,0.0112,0.0112,0.0112,0.1011,0.0674,0.0112,0.0112,0.0674,0.0449,0.5,0.0337,0.0112,0.0112,0.1011,0.1011,0.0674,0.0674,0.0112,0.0112,0.0112,0.0112,0.1348,0.0787,0.1236,0.0225,0.1011,0.0562,0.0562,0.0787,0.0112,0.0449,0.0112,0.0112,0.0112,0.0449,0.0449,0.0112,0.0337,0.0112,0.0112,0.0112,0.0449,0.0562,0.0337,0.1685,0.1011,0.0112,0.0674,0.1573,0.0449,0.0112,0.0112,0.0787,0.0562
www_europarl_ee.ela_36110,1,0.7,1.05,0.85,1.85,0.9,0.75,0.7,0.45,1.05,0.15,0.3,0.3361,0.1261,0.1429,0.0756,0.0084,0.0588,0.0336,0.0252,0.0336,0.0084,0.1008,0.0084,0.0084,0.0168,0.0084,0.7563,7.4958,23.8,0.4874,0.05,0,0.0168,0.0084,0.0084,0.0084,0.1092,0.042,0.0084,0.0084,0.084,0.0252,1.375,0.0336,0.0084,0.0252,0.0336,0.1092,0.0252,0.084,0.0252,0.0084,0.0084,0.0084,0.1092,0.2101,0.1092,0.0252,0.0336,0.0168,0.0252,0.1092,0.0084,0.0336,0.0084,0.0084,0.0084,0.0252,0.0672,0.0084,0.0084,0.0168,0.0084,0.0084,0.1176,0.0756,0.0252,0.1429,0.1681,0.0084,0.0084,0.0924,0.0168,0.0084,0.0084,0.0588,0.0588
www_hambaarst_ee.ela_423040,0.95,0.05,1.7,1,2.9,2.65,2.05,1.8,0,2.5,0,0.15,0.4295,0.1409,0.0201,0.0336,0.0067,0.0671,0.0134,0.0201,0.0067,0.0671,0.1409,0.0067,0.0067,0.0403,0.0604,0.7248,6.3826,24.83,0.4765,0.0938,0,0.0067,0.0067,0.0067,0.0067,0.1074,0.0403,0.0067,0.0067,0.0604,0.0403,0.6923,0.0201,0.0067,0.0134,0.0738,0.1074,0.0336,0.0671,0.0067,0.0067,0.0067,0.0067,0.1208,0.2685,0.0604,0.0134,0.0067,0.0067,0.0067,0.0805,0.0067,0.0067,0.0067,0.0268,0.0067,0.0268,0.0403,0.0134,0.0268,0.0201,0.0067,0.0067,0.0738,0.0671,0.0134,0.0872,0.1946,0.0268,0.0537,0.0738,0.0201,0.0067,0.0134,0.094,0.0671
www_hambaarst_ee.ela_475731,0.9,0.1,0.25,0.6,1.25,1.95,1.45,0.55,0.1,1.75,0.3,0.1,0.3559,0.1102,0.0424,0.0508,0.0085,0.0339,0.0254,0.0424,0.0424,0.0085,0.178,0.0085,0.0085,0.0593,0.0169,0.7458,5.9915,29.5,0.5339,0.1667,0,0.0169,0.0085,0.0085,0.0085,0.1441,0.0339,0.0085,0.0085,0.1102,0.0508,1.625,0.0169,0.0169,0.0169,0.0508,0.1441,0.0254,0.1186,0.0085,0.0085,0.0085,0.0085,0.2119,0.1102,0.0763,0.0085,0.0339,0.0508,0.0678,0.0424,0.0254,0.0169,0.0085,0.0085,0.0085,0.0085,0.0932,0.0169,0.0254,0.0508,0.0085,0.0085,0.0847,0.0339,0.0085,0.1356,0.0847,0.0169,0.0085,0.0763,0.0424,0.0085,0.0169,0.0424,0.0339
www_helen_ee.ela_520035,0.3,0.95,0.2,0.8,0.25,1.9,1.85,2.5,0.95,0.1,0.85,0.9,0.4182,0.0727,0.0061,0.0545,0.0061,0.0606,0.0182,0.0242,0.0364,0.0182,0.2182,0.0061,0.0061,0.0242,0.0182,0.703,5.3636,11.79,0.6061,0.058,0.0121,0.0121,0.0061,0.0061,0.0061,0.0727,0.0667,0.0121,0.0061,0.0485,0.0485,1.1818,0.0182,0.0121,0.0121,0.0485,0.0848,0.0485,0.0848,0.0061,0.0061,0.0061,0.0061,0.2121,0.0545,0.1152,0.0182,0.0485,0.0061,0.0121,0.0303,0.0061,0.0485,0.0061,0.0121,0.0061,0.0061,0.0182,0.0303,0.0182,0.0061,0.0121,0.0061,0.0424,0.0606,0.0121,0.0909,0.0788,0.0061,0.0182,0.0424,0.0242,0.0061,0.0303,0.1879,0.0606
www_horisont_ee.ela_455809,1.2,0.45,1.2,1.15,0.55,1.8,1.65,0.5,0.25,1.15,0.1,0.2,0.262,0.0749,0.1123,0.0963,0.0053,0.0428,0.0374,0.0267,0.0428,0.0374,0.107,0.0053,0.0053,0.0588,0.0053,0.7701,5.9251,23.38,0.508,0.2245,0.0107,0.016,0.016,0.0053,0.016,0.1444,0.0214,0.0053,0.0053,0.1123,0.0695,1.9091,0.0214,0.0053,0.0214,0.0321,0.0428,0.107,0.1176,0.0053,0.0053,0.0053,0.0107,0.1444,0.1979,0.0535,0.0374,0.016,0.0267,0.0321,0.0321,0.0053,0.0428,0.0053,0.0053,0.0053,0.0107,0.0749,0.016,0.0428,0.016,0.0107,0.0053,0.0321,0.0481,0.0267,0.1283,0.1497,0.0053,0.0214,0.0481,0.0267,0.0053,0.016,0.0481,0.0428
www_horsemarket_ee.ela_436247,0.2,1.1,2.3,0.6,0.4,0.4,2.2,0.65,0.5,0.55,0.5,0.75,0.2155,0.0747,0.1466,0.0891,0.0029,0.046,0.0144,0.0086,0.0115,0.0201,0.1782,0.0029,0.0029,0.069,0.0287,0.6609,5.2989,12,0.4598,0.32,0.0057,0.0057,0.0029,0.0029,0.0374,0.1351,0.0144,0.0029,0.0029,0.1178,0.0575,3.75,0.0172,0.0086,0.0057,0.0144,0.0259,0.1207,0.1293,0.0029,0.0029,0.0057,0.0086,0.1983,0.0805,0.046,0.0029,0.069,0.0057,0.0259,0.0172,0.0086,0.0115,0.0029,0.0115,0.0057,0.0172,0.0862,0.023,0.0086,0.0115,0.0057,0.0029,0.0546,0.0517,0.0201,0.1264,0.0402,0.0201,0.0172,0.0575,0.0201,0.0029,0.0201,0.069,0.046
www_ilm_err_ee.ela_196894,0.4,0.15,2.3,1.1,1.55,1.05,1.95,0.4,0.5,0.8,0,0.3,0.3553,0.0658,0.1776,0.0724,0.0066,0.0395,0.0132,0.0592,0.0132,0.0461,0.0921,0.0066,0.0066,0.0329,0.0263,0.8026,6.4408,15.2,0.6382,0.0926,0,0.0066,0.0066,0.0066,0.0263,0.1184,0.0329,0.0066,0.0066,0.0855,0.0263,2,0.0066,0.0066,0.0132,0.0461,0.0329,0.1118,0.0987,0.0066,0.0066,0.0066,0.0066,0.1645,0.2434,0.0329,0.0263,0.0658,0.0132,0.0263,0.0461,0.0132,0.0197,0.0066,0.0132,0.0066,0.0395,0.0592,0.0066,0.0132,0.0066,0.0066,0.0066,0.0724,0.0395,0.0197,0.2039,0.1842,0.0132,0.0329,0.0329,0.0066,0.0066,0.0066,0.0395,0.0395
www_jeesusekristusekirik_ee.ela_65555,0.8,0.6,0.9,0.1,0.5,0.7,1,0.7,0.55,0.6,0.45,0.4,0.3362,0.0776,0.1638,0.0776,0.0086,0.0431,0.0259,0.0431,0.0172,0.0086,0.1207,0.0086,0.0086,0.0431,0.0172,0.7845,5.6724,19.33,0.6121,0.1282,0.0086,0.0172,0.0086,0.0086,0.0086,0.1207,0.0259,0.0086,0.0086,0.0948,0.0603,1.8333,0.0259,0.0086,0.0172,0.0345,0.0259,0.1121,0.1034,0.0086,0.0086,0.0086,0.0086,0.2931,0.1466,0.0517,0.0172,0.0086,0.0086,0.0259,0.0603,0.0086,0.0086,0.0086,0.0172,0.0086,0.0259,0.0862,0.0172,0.0345,0.0086,0.0086,0.0086,0.0517,0.0431,0.0172,0.1121,0.1293,0.0603,0.0086,0.0603,0.0259,0.0086,0.0172,0.0862,0.0431
www_kasutatudraamat_ee.ela_68759,0.6,2.4,0.9,0.1,0.25,0.15,0.75,0.05,2.2,0.75,0.3,0.95,0.1638,0.0647,0.0517,0.1552,0.0043,0.0388,0.0216,0.0302,0.0172,0.0086,0.2069,0.0043,0.0043,0.0991,0.0129,0.6767,5.0388,11.6,0.4655,0.6053,0.0129,0.0086,0.0086,0.0086,0.0647,0.1681,0.0086,0.0172,0.0086,0.1034,0.056,2.2143,0.0259,0.0086,0.0172,0.0259,0.0819,0.0819,0.1293,0.0043,0.0086,0.0086,0.0172,0.1336,0.0733,0.056,0.0172,0.0302,0.0259,0.0216,0.0302,0.0086,0.0129,0.0043,0.0086,0.0043,0.0129,0.0776,0.0216,0.0172,0.0043,0.0043,0.0043,0.0474,0.0431,0.0388,0.0948,0.056,0.0086,0.0086,0.0388,0.0216,0.0043,0.0302,0.0431,0.0388
www_kohus_ee.ela_34731,0.2,0.65,2.05,1.2,1.8,1.15,2.1,0.75,0.9,1.1,0.35,0.7,0.3093,0.0876,0.0979,0.0515,0.0052,0.0464,0.0155,0.0567,0.0103,0.0773,0.1392,0.0052,0.0052,0.0464,0.0103,0.7062,5.8608,27.71,0.4536,0.15,0,0.0052,0.0052,0.0052,0.0258,0.0928,0.0361,0.0052,0.0052,0.0619,0.0206,1.8889,0.0155,0.0103,0.0155,0.0258,0.0309,0.0876,0.0928,0.0052,0.0052,0.0052,0.0155,0.1804,0.1959,0.0515,0.0155,0.0464,0.0361,0.0206,0.0412,0.0155,0.0155,0.0052,0.0052,0.0103,0.0103,0.0567,0.0052,0.0258,0.0206,0.0052,0.0052,0.067,0.0464,0.0155,0.1804,0.0876,0.0052,0.0619,0.067,0.0206,0.0052,0.0052,0.0722,0.0464
www_kv_ee.ela_199481,0.25,0,0.85,0.4,0.95,2.7,2.4,0.4,0.5,0.55,0.8,0.25,0.3488,0.1395,0.0581,0.0291,0.0058,0.0291,0.0058,0.0349,0.0116,0.0465,0.2326,0.0058,0.0058,0.0058,0.0291,0.6105,5.4826,57.33,0.4767,0.0167,0,0.0058,0.0058,0.0058,0.0058,0.0814,0.0814,0.0058,0.0058,0.0698,0.0756,0.8,0.0116,0.0058,0.0116,0.0814,0.0756,0.0814,0.0756,0.0058,0.0058,0.0058,0.0116,0.2965,0.0756,0.0233,0.0058,0.0407,0.0174,0.0174,0.0174,0.0116,0.0058,0.0058,0.0058,0.0058,0.0291,0.0233,0.0233,0.0233,0.0058,0.0058,0.0058,0.0581,0.0291,0.0116,0.0756,0.1163,0.0058,0.0349,0.0698,0.0058,0.0058,0.0407,0.2267,0.0291
www_lapsemure_ee.ela_140896,0.9,2.5,1.6,0.9,0.7,0.6,0.9,0.35,1.4,0.5,2.9,2.5,0.1574,0.0324,0.0093,0.1204,0.0046,0.0417,0.0463,0.0556,0.0556,0.0093,0.1111,0.0046,0.0046,0.2037,0.0046,0.6157,4.5093,21.6,0.3472,1.2941,0.0231,0.0139,0.1111,0.0046,0.0556,0.1898,0.0046,0.0463,0.0093,0.0972,0.088,3.6667,0.0139,0.0046,0.037,0.0046,0.0602,0.1019,0.1528,0.0046,0.0093,0.0046,0.0185,0.2037,0.1111,0.0694,0.037,0.0185,0.0046,0.0093,0.0231,0.0046,0.0093,0.0046,0.0046,0.0046,0.0278,0.1019,0.0324,0.0324,0.0046,0.0046,0.0046,0.0556,0.0509,0.0463,0.0926,0.0648,0.0046,0.0139,0.0139,0.0231,0.0046,0.0278,0.0741,0.0417
www_le_ee.ela_240831,0.25,0.5,2.7,0.55,1.6,1.25,1.8,0.55,0.35,0.5,0,0.3,0.3095,0.0556,0.0794,0.0397,0.0079,0.0635,0.0317,0.0397,0.0238,0.0635,0.1349,0.0079,0.0079,0.0556,0.0238,0.7302,5.2063,18,0.5635,0.1795,0.0159,0.0079,0.0159,0.0079,0.0159,0.1905,0.0159,0.0079,0.0079,0.127,0.1032,2.5714,0.0159,0.0079,0.0159,0.0476,0.0476,0.1508,0.1508,0.0079,0.0079,0.0079,0.0238,0.1905,0.2063,0.0397,0.0079,0.0317,0.0397,0.0238,0.0238,0.0079,0.0079,0.0079,0.0079,0.0079,0.0079,0.0952,0.0238,0.0476,0.0079,0.0159,0.0079,0.0714,0.0794,0.0159,0.1032,0.1111,0.0238,0.0476,0.0397,0.0079,0.0079,0.0238,0.0794,0.0635
www_lemmik_ee.ela_519214,0.15,0.6,0.55,0.55,0.45,0.85,0.65,0.5,0.9,0.55,0.2,0.3,0.339,0.0763,0.0847,0.0932,0.0085,0.0508,0.0339,0.0169,0.0085,0.0169,0.1441,0.0085,0.0085,0.0593,0.0085,0.7627,5.7542,16.86,0.6695,0.175,0.0085,0.0085,0.0085,0.0085,0.0254,0.1525,0.0169,0.0085,0.0085,0.1017,0.0847,1.8571,0.0169,0.0169,0.0085,0.0508,0.0932,0.0763,0.1186,0.0085,0.0085,0.0085,0.0254,0.1525,0.1864,0.0763,0.0085,0.0508,0.0254,0.0254,0.0508,0.0085,0.0254,0.0085,0.0085,0.0085,0.0169,0.0763,0.0254,0.0508,0.0169,0.0085,0.0085,0.0508,0.0678,0.0254,0.1186,0.1356,0.0254,0.0169,0.0593,0.0254,0.0085,0.0254,0.0678,0.0508
www_lillelapsed_ee.ela_607751,0.5,0.6,1.1,1.4,0.5,0.9,0.85,2.7,1.4,0.1,0.85,0.7,0.3435,0.0992,0.0076,0.1221,0.0076,0.0382,0.0153,0.0305,0.0229,0.0153,0.1221,0.0076,0.0076,0.0611,0.0076,0.7786,5.7481,10.08,0.4962,0.1778,0.0076,0.0076,0.0153,0.0076,0.0305,0.145,0.0076,0.0076,0.0534,0.0687,0.0992,1.3333,0.0534,0.0382,0.0153,0.0153,0.1374,0.0076,0.0763,0.0229,0.0458,0.0076,0.0153,0.1298,0.0916,0.0611,0.0153,0.0305,0.0611,0.0382,0.0305,0.0076,0.0534,0.0076,0.0153,0.0076,0.0382,0.0687,0.0153,0.0382,0.0153,0.0076,0.0153,0.0534,0.0382,0.0382,0.1756,0.0992,0.0076,0.0153,0.0687,0.0458,0.0076,0.0229,0.0382,0.0382
www_linnaleht_ee.ela_420357,0.3,2.1,0.6,0.95,0.05,0.45,0.6,0.7,1.3,0.4,1.25,2.3,0.2568,0.0685,0.0068,0.1438,0.0068,0.0411,0.0342,0.0308,0.0205,0.0137,0.1267,0.0034,0.0034,0.1199,0.0034,0.7158,5.089,15.37,0.4795,0.4667,0.0137,0.0103,0.0308,0.0034,0.0479,0.137,0.0034,0.0137,0.0068,0.089,0.0651,1.7368,0.0377,0.0137,0.0068,0.0205,0.089,0.0479,0.113,0.0068,0.0034,0.0034,0.024,0.1336,0.1507,0.0548,0.0068,0.0205,0.0308,0.0171,0.0411,0.0034,0.0068,0.0068,0.0068,0.0034,0.0274,0.0719,0.0205,0.0205,0.0103,0.0068,0.0068,0.0651,0.0616,0.0068,0.1096,0.1062,0.0034,0.0103,0.0377,0.0274,0.0034,0.024,0.0514,0.0411
www_linnateater_ee.ela_612249,2.05,1.4,0.25,1.4,0.1,0.65,0.45,0.35,2.25,0.85,1.8,2.8,0.1794,0.058,0.0132,0.1187,0.0026,0.0607,0.0343,0.0211,0.0369,0.0132,0.1926,0.0026,0.0026,0.1135,0.0026,0.5831,4.4828,19.95,0.3325,0.6324,0.0264,0.0158,0.0211,0.0132,0.0053,0.1372,0.0079,0.0237,0.0106,0.066,0.095,2,0.029,0.0106,0.0158,0.0132,0.1187,0.0132,0.1082,0.0079,0.0079,0.0026,0.0211,0.1609,0.1003,0.0712,0.0158,0.0317,0.0106,0.0132,0.0079,0.0053,0.0132,0.0026,0.0026,0.0026,0.0106,0.0422,0.0449,0.0396,0.0026,0.0079,0.0053,0.0422,0.0712,0.0211,0.0501,0.0554,0.0026,0.0106,0.0158,0.029,0.0053,0.0449,0.1082,0.0607
www_lounaleht_ee.ela_576969,0.35,0.4,0.75,0.45,0.7,1.25,0.65,0.25,0.8,0.2,0.1,0.45,0.3056,0.0833,0.0926,0.0648,0.0093,0.0463,0.0185,0.0278,0.0648,0.0463,0.1667,0.0093,0.0093,0.037,0.0093,0.787,5.6019,21.6,0.6389,0.1212,0,0.037,0.0093,0.0093,0.0093,0.0926,0.0463,0.0093,0.0093,0.0833,0.0648,6.5,0.0278,0.0093,0.0093,0.0093,0.1019,0.037,0.1204,0.0185,0.0093,0.0093,0.0185,0.1667,0.1852,0.0648,0.0185,0.0463,0.0278,0.0556,0.0463,0.0093,0.0093,0.0093,0.0093,0.0093,0.0278,0.0648,0.037,0.0278,0.0278,0.0093,0.0093,0.0556,0.0463,0.0093,0.1481,0.0926,0.0185,0.0463,0.0741,0.0093,0.0093,0.037,0.0556,0.0463
www_maaleht_ee.ela_246360,0.35,0.75,1.5,0.7,0.95,0.7,0.6,0.35,0.6,0.35,0.3,0.4,0.2893,0.0826,0.1157,0.0909,0.0083,0.0248,0.0579,0.0165,0.0331,0.0248,0.1405,0.0083,0.0083,0.0248,0.0165,0.7273,6.0083,17.29,0.6116,0.0857,0,0.0165,0.0083,0.0083,0.0248,0.1818,0.0165,0.0083,0.0083,0.1074,0.0579,2.2857,0.0165,0.0083,0.0248,0.0413,0.0826,0.0992,0.1405,0.0083,0.0083,0.0083,0.0413,0.1653,0.0744,0.0744,0.0248,0.0579,0.0331,0.0331,0.0579,0.0083,0.0248,0.0083,0.0083,0.0165,0.0248,0.1074,0.0248,0.0413,0.0083,0.0083,0.0165,0.0496,0.0496,0.0248,0.1322,0.0992,0.0165,0.0248,0.0496,0.0248,0.0083,0.0248,0.0248,0.0248
www_med24_ee.ela_557549,2.6,2.5,0.35,0.75,0.1,0.15,0.95,0.1,1.3,0.75,1.2,1.65,0.1903,0.0648,0.004,0.2065,0.004,0.081,0.0324,0.0243,0.0243,0.0162,0.1498,0.004,0.004,0.0931,0.0283,0.7126,4.6194,13.72,0.498,0.4894,0.0162,0.0081,0.0405,0.0162,0.0081,0.1255,0.0081,0.0283,0.0162,0.0405,0.0607,2.3636,0.0283,0.004,0.0081,0.0202,0.1053,0.0243,0.1053,0.0081,0.004,0.004,0.0364,0.1498,0.0769,0.0688,0.0081,0.0121,0.0162,0.004,0.0324,0.004,0.0162,0.004,0.004,0.004,0.004,0.0607,0.0283,0.0324,0.0081,0.004,0.004,0.0405,0.1012,0.0202,0.0567,0.0364,0.0121,0.0121,0.0445,0.0081,0.004,0.0283,0.0769,0.081
www_meiekirik_ee.ela_286284,1.3,0.65,0.2,1.15,0.5,0.7,0.75,0.75,1.15,0.75,0.15,0.5,0.2697,0.0987,0.0592,0.0526,0.0066,0.0395,0.0395,0.0197,0.0132,0.0132,0.1776,0.0066,0.0066,0.0724,0.0132,0.6382,6.0987,19,0.4342,0.2683,0.0066,0.0132,0.0066,0.0066,0.0132,0.1974,0.0263,0.0066,0.0066,0.1184,0.0724,1.3125,0.0263,0.0197,0.0395,0.0461,0.1447,0.0461,0.1316,0.0197,0.0066,0.0066,0.0132,0.1645,0.1382,0.0921,0.0395,0.0329,0.0132,0.0197,0.0132,0.0132,0.0263,0.0066,0.0066,0.0066,0.0197,0.1053,0.0132,0.0592,0.0263,0.0066,0.0066,0.0724,0.0724,0.0132,0.1053,0.0855,0.0197,0.0132,0.0592,0.0263,0.0066,0.0132,0.0526,0.0395
www_mesindus_ee.ela_33384,0.1,0.45,1.3,1.15,0.15,0.6,1,2.5,0.15,0.75,0.35,0.95,0.3192,0.0751,0.0094,0.1362,0.0047,0.0235,0.0516,0.0329,0.0469,0.0282,0.1268,0.0047,0.0047,0.0329,0.0047,0.7042,5.6244,14.2,0.4883,0.1029,0.0094,0.0235,0.0141,0.0047,0.0094,0.1455,0.0188,0.061,0.0047,0.0469,0.0563,2.3636,0.0188,0.0094,0.0094,0.0329,0.1408,0.0188,0.1174,0.0141,0.0047,0.0047,0.0235,0.1174,0.1549,0.0657,0.0235,0.0094,0.0329,0.0094,0.0376,0.0047,0.0516,0.0047,0.0047,0.0047,0.0188,0.0423,0.0235,0.0329,0.0094,0.0047,0.0047,0.0939,0.0282,0.0235,0.1127,0.0845,0.0047,0.0141,0.0423,0.0469,0.0047,0.0235,0.0235,0.0235
www_mod_gov_ee.ela_178680,0.25,0.5,1.1,2.6,2.1,1.5,1.25,0.65,0.4,0.75,0,0.3,0.4044,0.1421,0.0383,0.0328,0.0055,0.0437,0.0219,0.0383,0.0437,0.0055,0.1038,0.0055,0.0055,0.0164,0.0055,0.7978,6.9672,16.64,0.5301,0.0405,0.0055,0.0109,0.0055,0.0055,0.0055,0.1749,0.0601,0.0055,0.0055,0.071,0.0601,0.6923,0.0164,0.0109,0.0055,0.1311,0.0984,0.1366,0.0984,0.0109,0.0055,0.0055,0.0273,0.1366,0.2131,0.0874,0.0055,0.0328,0.0164,0.0601,0.0437,0.0055,0.0164,0.0055,0.0055,0.0055,0.0219,0.0546,0.0164,0.0492,0.0055,0.0109,0.0055,0.082,0.0437,0.0055,0.1475,0.1257,0.0109,0.0109,0.0437,0.0219,0.0055,0.0219,0.0546,0.0437
www_mulje_ee.ela_177932,1.15,2.9,1.45,0.75,0.2,0.25,0.85,0.75,2.8,1.25,3,1.65,0.0939,0.0333,0.0394,0.1273,0.0182,0.0606,0.0212,0.0091,0.0061,0.0121,0.2576,0.003,0.003,0.1576,0.0152,0.5182,3.7394,15,0.3121,1.6774,0.0091,0.003,0.0879,0.0212,0.0273,0.1788,0.003,0.0606,0.0303,0.0697,0.0667,6,0.0152,0.0061,0.0152,0.003,0.0667,0.103,0.1485,0.003,0.0212,0.003,0.0152,0.1576,0.0212,0.0515,0.0182,0.0152,0.0212,0.0212,0.0152,0.003,0.0091,0.003,0.003,0.003,0.0121,0.1,0.0242,0.0212,0.0061,0.003,0.003,0.0515,0.0697,0.0242,0.0727,0.0182,0.0061,0.0061,0.0121,0.0152,0.0061,0.0242,0.0727,0.0606
www_naisteleht_ee.ela_355886,1.6,2.5,0.55,0.75,0,0.25,0.35,1.25,0.8,0.2,0.95,1,0.1667,0.049,0.0245,0.1127,0.0049,0.049,0.0686,0.0098,0.0196,0.0098,0.1863,0.0049,0.0049,0.1324,0.0049,0.6373,4.3186,17,0.4167,0.7941,0.0245,0.0049,0.0049,0.0098,0.0441,0.1912,0.0098,0.0245,0.0343,0.098,0.0833,2.75,0.0294,0.0098,0.0245,0.0147,0.1569,0.0245,0.152,0.0098,0.0147,0.0049,0.0196,0.1176,0.0588,0.098,0.0147,0.0196,0.0098,0.0392,0.0245,0.0147,0.0049,0.0049,0.0049,0.0147,0.0147,0.0637,0.0343,0.0294,0.0098,0.0098,0.0049,0.0735,0.0735,0.0245,0.098,0.049,0.0049,0.0098,0.0196,0.0539,0.0049,0.0245,0.0392,0.049
www_nami-nami_ee.ela_173054,0,0.2,1.9,0.45,0.15,1.3,1.8,2.9,0.6,0.1,0.4,0.55,0.3058,0.0744,0.0248,0.0992,0.0083,0.0826,0.0413,0.0331,0.0083,0.0331,0.1653,0.0083,0.0083,0.0165,0.0083,0.6694,5.1157,10.08,0.4628,0.0541,0.0083,0.0083,0.0083,0.0083,0.0083,0.1983,0.0248,0.0083,0.1653,0.0413,0.0579,5.75,0.0165,0.0165,0.0083,0.0248,0.1901,0.0331,0.0496,0.0083,0.157,0.0083,0.0083,0.1818,0.0496,0.0496,0.0165,0.0331,0.0083,0.0083,0.0413,0.0165,0.0248,0.0331,0.0083,0.0083,0.0248,0.0248,0.0248,0.0083,0.0083,0.0083,0.0083,0.1074,0.0826,0.0248,0.1488,0.0083,0.0083,0.0331,0.0413,0.0496,0.0083,0.0248,0.1074,0.0826
www_nami-nami_ee.ela_456341,0.15,0.8,1.6,0.3,0.3,0.5,1,2.6,0.25,0.15,1.05,1.25,0.3,0.0867,0.02,0.0933,0.0067,0.0467,0.0067,0.02,0.0333,0.0467,0.2133,0.0133,0.0067,0.02,0.0067,0.64,5.38,15,0.4333,0.0667,0,0.0133,0.0067,0.0067,0.0067,0.18,0.0133,0.14,0.0067,0.0133,0.08,3.6667,0.0133,0.0067,0.02,0.0267,0.0267,0.1533,0.1533,0.0067,0.0067,0.0067,0.0133,0.0467,0.1733,0.1267,0.0267,0.0067,0.02,0.0333,0.04,0.0067,0.0267,0.0133,0.0067,0.0067,0.0267,0.02,0.0067,0.02,0.0067,0.0067,0.0067,0.1133,0.0467,0.0267,0.1267,0.0533,0.0133,0.0467,0.08,0.0067,0.0067,0.0067,0.08,0.0467
www_pealinn_ee.ela_132426,0.4,1.6,0.85,1.65,0.8,1.5,2.05,0.2,0.45,1.85,0.6,1.4,0.2903,0.0829,0.106,0.1659,0.0046,0.0184,0.023,0.0092,0.0184,0.0645,0.1244,0.0092,0.0046,0.0323,0.0323,0.7558,6.1244,13.56,0.5115,0.1111,0.0092,0.0138,0.0046,0.0046,0.0046,0.106,0.0184,0.0092,0.0046,0.0553,0.0461,2,0.0138,0.0046,0.0046,0.0369,0.1106,0.0138,0.0829,0.0046,0.0046,0.0092,0.0276,0.1382,0.1705,0.0507,0.0138,0.0184,0.0369,0.0184,0.023,0.0046,0.0276,0.0092,0.0046,0.0092,0.0461,0.0461,0.0138,0.023,0.0046,0.0092,0.0046,0.0507,0.0184,0.0092,0.0968,0.1843,0.0046,0.0553,0.0461,0.0138,0.0046,0.023,0.023,0.0184
www_politsei_ee.ela_163441,0.4,0,1.95,0.3,2,1.6,2.5,0.3,0.25,0.25,0.35,0.35,0.4087,0.1043,0.1217,0.0174,0.0087,0.0261,0.0348,0.0348,0.0174,0.0696,0.1217,0.0087,0.0087,0.0174,0.0174,0.6783,5.3304,12.78,0.5043,0.0426,0,0.0087,0.0087,0.0087,0.0087,0.087,0.0609,0.0087,0.0087,0.0783,0.0348,4.3333,0.0087,0.0174,0.0087,0.0261,0.0348,0.113,0.1217,0.0087,0.0087,0.0087,0.0087,0.1913,0.1652,0.1043,0.0174,0.0609,0.0348,0.0348,0.1043,0.0087,0.0174,0.0087,0.0087,0.0087,0.0174,0.0522,0.0348,0.0087,0.0087,0.0087,0.0087,0.0696,0.0348,0.0087,0.2087,0.1304,0.0261,0.0696,0.0957,0.0174,0.0087,0.0348,0.0261,0.0261
www_politsei_ee.ela_40109,0.45,0.1,1.2,0.25,1.75,1.5,1.45,1.3,0.3,0.2,0,0,0.2651,0.1566,0.1084,0.0361,0.012,0.0602,0.012,0.012,0.0241,0.0723,0.1205,0.012,0.012,0.1084,0.0241,0.747,5.4217,20.75,0.5663,0.4091,0.012,0.012,0.012,0.012,0.0602,0.1687,0.0361,0.012,0.012,0.0843,0.0964,1,0.0482,0.012,0.0361,0.0602,0.1084,0.0723,0.1084,0.0241,0.012,0.012,0.012,0.1807,0.1205,0.0482,0.012,0.0602,0.0843,0.0241,0.0964,0.012,0.0241,0.0241,0.012,0.0361,0.012,0.0361,0.0482,0.0241,0.0361,0.012,0.012,0.0361,0.0602,0.0482,0.1928,0.1205,0.012,0.0482,0.0843,0.012,0.012,0.0602,0.0843,0.0602
www_porterracing_ee.ela_609577,0.25,1.8,1.5,0.25,0.2,1,1.35,0.45,0.05,0.3,1,1.95,0.2721,0.0816,0.0408,0.1497,0.0068,0.068,0.0272,0.0272,0.0408,0.034,0.1429,0.0068,0.0068,0.0476,0.0408,0.7687,4.8503,21,0.6395,0.175,0,0.0068,0.0136,0.0068,0.0068,0.1361,0.0136,0.0136,0.0068,0.0952,0.0748,2.1429,0.0136,0.0136,0.0136,0.034,0.0136,0.1293,0.1088,0.0068,0.0068,0.0068,0.0136,0.1429,0.1156,0.0612,0.0136,0.0136,0.0068,0.0272,0.0204,0.0136,0.0204,0.0068,0.0068,0.0068,0.0204,0.0816,0.0136,0.0272,0.0204,0.0136,0.0068,0.0544,0.068,0.0204,0.0952,0.0612,0.0068,0.0408,0.0612,0.034,0.0068,0.0136,0.0748,0.068
www_post_ee.ela_149870,0.3,0.3,1.25,0.25,2.15,1.9,1.4,1.5,0.35,0.25,0.25,0.7,0.4343,0.101,0.1414,0.0505,0.0101,0.0505,0.0101,0.0303,0.0101,0.0404,0.101,0.0101,0.0101,0.0202,0.0303,0.697,7,16.5,0.5253,0.0465,0,0.0101,0.0101,0.0101,0.0101,0.1313,0.0202,0.0101,0.0101,0.101,0.0505,3.3333,0.0101,0.0101,0.0303,0.0202,0.0909,0.0404,0.1111,0.0101,0.0101,0.0101,0.0101,0.1515,0.3232,0.0404,0.0303,0.0606,0.0606,0.0505,0.0202,0.0202,0.0303,0.0202,0.0101,0.0101,0.0101,0.0808,0.0202,0.0303,0.0101,0.0101,0.0101,0.0707,0.0505,0.0202,0.1111,0.2727,0.0202,0.0404,0.0808,0.0101,0.0101,0.0202,0.0707,0.0505
www_puuinfo_ee.ela_279876,1.1,0.25,0.35,1.8,1.3,1.8,1.85,1,0.15,1.25,0,0.2,0.3937,0.0551,0.0709,0.0315,0.0079,0.0236,0.0472,0.0866,0.0079,0.126,0.1181,0.0079,0.0079,0.0157,0.0709,0.6693,5.7244,31.75,0.4409,0.04,0.0079,0.0079,0.0079,0.0079,0.0079,0.0709,0.0236,0.0079,0.0079,0.0236,0.0472,1.6,0.0315,0.0079,0.0079,0.0236,0.063,0.0315,0.0551,0.0236,0.0079,0.0079,0.0315,0.063,0.1969,0.126,0.0079,0.0709,0.0079,0.0079,0.0394,0.0079,0.0079,0.0079,0.0315,0.0079,0.0079,0.0315,0.0157,0.0394,0.0079,0.0157,0.0079,0.0709,0.0315,0.0079,0.1024,0.2283,0.0079,0.1102,0.0394,0.0394,0.0079,0.0157,0.0551,0.0236
www_reklaamitrikk_ee.ela_315713,0.7,1.15,1.55,1.4,0.1,0.95,1.6,0.3,0.35,0.65,0.95,2.35,0.2295,0.0821,0.0435,0.1304,0.0024,0.0459,0.0217,0.0145,0.0121,0.0169,0.1618,0.0024,0.0024,0.0942,0.0145,0.6063,5.0435,15.92,0.3913,0.4105,0.0314,0.0048,0.0072,0.0024,0.0121,0.1401,0.0217,0.0048,0.0024,0.0942,0.0942,1.8462,0.0217,0.0048,0.0072,0.0386,0.1111,0.0459,0.1063,0.0145,0.0024,0.0024,0.0169,0.1715,0.0894,0.0628,0.0072,0.0314,0.0338,0.0145,0.0169,0.0048,0.0097,0.0024,0.0145,0.0024,0.0169,0.0556,0.0411,0.0386,0.0266,0.0048,0.0072,0.0676,0.0483,0.0145,0.0918,0.0652,0.0024,0.0121,0.0362,0.0193,0.0024,0.0411,0.058,0.0459
www_riigikogu_ee.ela_224866,0.9,0.75,0.8,1.85,0.95,0.75,0.6,1,2.5,0.65,1.3,1.6,0.2933,0.0667,0.04,0.11,0.0067,0.0333,0.0367,0.0167,0.04,0.0067,0.1467,0.0033,0.0033,0.0767,0.0067,0.69,5.74,15.79,0.46,0.2614,0.0167,0.0233,0.0233,0.01,0.0067,0.1267,0.02,0.02,0.0067,0.0667,0.04,1.8824,0.0267,0.0033,0.01,0.03,0.11,0.03,0.1033,0.01,0.0033,0.0033,0.03,0.1933,0.1367,0.09,0.0067,0.03,0.01,0.0067,0.0233,0.0067,0.0033,0.0033,0.0067,0.0067,0.0267,0.08,0.0167,0.0467,0.0133,0.0033,0.0033,0.0733,0.0433,0.0133,0.0733,0.11,0.0167,0.0067,0.0467,0.0233,0.0033,0.01,0.0433,0.0333
www_seduction_ee.ela_642092,1.4,2.8,0.4,1.25,0.15,0.5,0.4,0.4,0.9,0.55,1.8,2.7,0.1085,0.0557,0.0029,0.1965,0.0088,0.0587,0.0293,0.0235,0.0088,0.0147,0.2141,0.0029,0.0029,0.1408,0.0029,0.5777,4.1026,9.74,0.3255,1.2973,0.0264,0.0029,0.0323,0.0117,0.0205,0.1437,0.0088,0.0411,0.0147,0.0616,0.0792,4.7,0.0235,0.0029,0.0088,0.0059,0.132,0.0147,0.1232,0.0176,0.0059,0.0029,0.0264,0.1496,0.0469,0.0674,0.0059,0.0117,0.0147,0.0088,0.0147,0.0059,0.0029,0.0029,0.0029,0.0029,0.0235,0.0411,0.0499,0.0176,0.0147,0.0059,0.0029,0.0469,0.0674,0.0176,0.0645,0.0235,0.0029,0.0088,0.0147,0.0147,0.0029,0.0469,0.0499,0.0587
www_sirp_ee.ela_651305,0.45,0.65,1,0.7,0.8,1.2,1.6,0.7,0.3,0.3,0.1,0.35,0.239,0.0976,0.1512,0.1122,0.0049,0.0585,0.0049,0.0293,0.0146,0.0293,0.1171,0.0049,0.0049,0.0585,0.0049,0.7268,5.6829,18.64,0.5463,0.2449,0.0098,0.0098,0.0049,0.0049,0.0146,0.1463,0.0146,0.0049,0.0049,0.0976,0.0585,2.1,0.0049,0.0049,0.0098,0.0488,0.0488,0.1073,0.1024,0.0049,0.0049,0.0098,0.0049,0.1659,0.1902,0.0634,0.0049,0.0244,0.0439,0.0195,0.0488,0.0098,0.0293,0.0049,0.0098,0.0049,0.0098,0.0683,0.0195,0.0341,0.0244,0.0049,0.0049,0.0634,0.0585,0.0146,0.0927,0.1122,0.0244,0.0293,0.0829,0.0049,0.0049,0.0195,0.0683,0.0585
www_snap_ee.ela_623342,0.7,0.55,0.2,0.8,0.8,2,2.5,0.35,0.35,1.45,0.15,0.15,0.3224,0.1118,0.0855,0.1118,0.0066,0.0461,0.0329,0.0197,0.0197,0.0724,0.125,0.0066,0.0066,0.0329,0.0855,0.7368,5.2697,19,0.5855,0.102,0.0132,0.0066,0.0066,0.0066,0.0066,0.0855,0.0132,0.0066,0.0066,0.0724,0.0592,1.4286,0.0329,0.0066,0.0066,0.0263,0.0789,0.0197,0.0724,0.0066,0.0066,0.0066,0.0066,0.1842,0.0921,0.0724,0.0132,0.0395,0.0132,0.0066,0.0395,0.0132,0.0329,0.0066,0.0132,0.0066,0.0395,0.0263,0.0395,0.0197,0.0132,0.0066,0.0066,0.0526,0.0526,0.0197,0.0526,0.125,0.0132,0.0658,0.0789,0.0263,0.0066,0.0329,0.0855,0.0461
www_soudeliit_ee.ela_547578,0.05,0.05,1.8,0.2,0.8,1.65,0.85,0.15,0.1,0.2,0.6,0.5,0.2537,0.1493,0.1791,0.0746,0.0149,0.0597,0.0448,0.0149,0.0149,0.0597,0.1493,0.0149,0.0149,0.0299,0.0149,0.8209,6.0448,33.5,0.7612,0.1176,0,0.0149,0.0149,0.0149,0.0149,0.1194,0.0299,0.0149,0.0149,0.0448,0.0597,2,0.0299,0.0149,0.0299,0.0299,0.1194,0.0149,0.0746,0.0448,0.0149,0.0149,0.0299,0.1493,0.194,0.0597,0.0746,0.0597,0.0149,0.0299,0.0597,0.0149,0.0448,0.0149,0.0149,0.0149,0.0149,0.0746,0.0299,0.0448,0.0149,0.0149,0.0149,0.0149,0.0746,0.0149,0.1791,0.1343,0.0149,0.0448,0.1194,0.0448,0.0149,0.0299,0.0597,0.0597
www_syndikaat_ee.ela_469373,0.6,1.5,1.7,0.25,0,0.15,0.95,0.4,0.75,0.15,1.1,2.4,0.1905,0.0741,0.0423,0.0741,0.0053,0.0476,0.0317,0.0106,0.0582,0.0159,0.1852,0.0053,0.0053,0.1429,0.0053,0.6614,4.5608,14.54,0.4074,0.75,0.0265,0.0212,0.0741,0.0053,0.0212,0.164,0.0159,0.0476,0.0053,0.0741,0.1111,2.2727,0.0265,0.0053,0.0053,0.0423,0.0476,0.1323,0.1376,0.0053,0.0053,0.0053,0.0265,0.1905,0.127,0.0476,0.0106,0.0423,0.0159,0.0159,0.0317,0.0106,0.0212,0.0053,0.0106,0.0053,0.0159,0.0635,0.0529,0.0476,0.0212,0.0053,0.0106,0.0582,0.0635,0.0159,0.0952,0.0582,0.0053,0.0212,0.0159,0.0159,0.0053,0.0582,0.0529,0.0476
www_tallegg_ee.ela_33687,0.6,1.5,0.3,0.75,0.15,0.55,1.15,1.5,0.4,0.6,1.15,1.1,0.2377,0.0943,0.0113,0.1358,0.0151,0.0642,0.0264,0.0151,0.0189,0.0038,0.1509,0.0038,0.0038,0.0717,0.0075,0.7019,5.1019,15.59,0.4868,0.3016,0.0038,0.0075,0.0075,0.0189,0.0038,0.166,0.0151,0.0075,0.0151,0.0792,0.1057,1.1538,0.0302,0.0151,0.0302,0.0377,0.1283,0.0264,0.1057,0.0151,0.0038,0.0038,0.0113,0.1698,0.0792,0.0528,0.0264,0.0264,0.0302,0.0226,0.0226,0.0038,0.0113,0.0038,0.0038,0.0038,0.0151,0.0604,0.0377,0.0415,0.0189,0.0038,0.0075,0.0604,0.0679,0.0264,0.083,0.0415,0.0075,0.0075,0.0453,0.0264,0.0038,0.0415,0.0717,0.0642
www_tarbijakaitse_ee.ela_199918,0.05,0.25,0.85,0.9,0.7,1.45,0.95,0.2,0.45,0.5,0.05,0.75,0.3614,0.0964,0.0843,0.0723,0.012,0.0361,0.012,0.0241,0.0241,0.0361,0.1687,0.012,0.012,0.0482,0.012,0.759,6.2048,27.67,0.6506,0.1333,0.012,0.012,0.012,0.012,0.012,0.1807,0.0241,0.012,0.012,0.1205,0.0843,1.6667,0.0241,0.012,0.012,0.0723,0.0964,0.1084,0.1205,0.0241,0.012,0.012,0.012,0.2289,0.1566,0.0602,0.012,0.0482,0.0482,0.012,0.0602,0.012,0.012,0.0241,0.012,0.012,0.0361,0.0964,0.0361,0.0602,0.0361,0.012,0.012,0.0361,0.0361,0.012,0.1325,0.1446,0.0241,0.0361,0.0723,0.012,0.012,0.0361,0.0482,0.0361
www_tooelu_ee.ela_624263,0.6,0.45,0.45,1.5,1,2.35,1.5,1.9,0.2,0.15,0.25,0.55,0.2295,0.123,0.0082,0.123,0.0082,0.0902,0.0492,0.0164,0.0082,0.0082,0.1557,0.0082,0.0082,0.0328,0.0164,0.6721,5.8197,17.43,0.4672,0.1429,0.0164,0.0082,0.0082,0.0082,0.0082,0.1475,0.041,0.0082,0.0082,0.1066,0.0902,0.8824,0.0574,0.0492,0.0328,0.0328,0.1393,0.0246,0.1311,0.0082,0.0082,0.0082,0.0246,0.1393,0.0164,0.1311,0.0246,0.0246,0.0082,0.0082,0.041,0.0082,0.0082,0.0082,0.0082,0.0328,0.0164,0.041,0.041,0.0492,0.0082,0.0246,0.0082,0.0656,0.0902,0.0164,0.0656,0.0164,0.0082,0.0082,0.0738,0.0902,0.0082,0.041,0.1148,0.0902
www_tootukassa_ee.ela_395777,0.9,0.5,0.7,0.95,3,2.6,2.35,1.9,0.65,1.05,0.3,0.05,0.3409,0.1136,0.0227,0.0682,0.0076,0.0758,0.0227,0.053,0.0076,0.0606,0.1212,0.0227,0.0076,0.0379,0.0152,0.6591,5.4015,26.4,0.4242,0.1111,0,0.0076,0.0076,0.0076,0.0152,0.1515,0.0379,0.0076,0.0076,0.0606,0.053,1,0.0152,0.0076,0.0152,0.0833,0.1515,0.0303,0.0985,0.0076,0.0076,0.0076,0.053,0.1061,0.2121,0.0455,0.0152,0.0152,0.0455,0.1061,0.0076,0.0076,0.0379,0.0076,0.0076,0.0076,0.0152,0.0455,0.0152,0.0455,0.0227,0.0152,0.0076,0.0455,0.0758,0.0227,0.1061,0.1288,0.0152,0.0606,0.0455,0.0227,0.0076,0.0227,0.1061,0.0758
www_tuuleenergia_ee.ela_40373,0.65,1,0.3,2.3,0.5,1.05,1.2,1.35,0.45,0.6,0.65,1.4,0.2982,0.0702,0.0088,0.1667,0.0088,0.0526,0.0351,0.0526,0.0175,0.0088,0.1754,0.0088,0.0088,0.0351,0.0088,0.7105,5.4386,12.67,0.614,0.1176,0,0.0088,0.0088,0.0088,0.0088,0.1404,0.0175,0.0263,0.0088,0.0789,0.0965,1.3333,0.0351,0.0263,0.0088,0.0439,0.1404,0.0175,0.114,0.0088,0.0088,0.0088,0.0263,0.1579,0.1228,0.0614,0.0088,0.0263,0.0263,0.0088,0.0263,0.0088,0.0175,0.0088,0.0088,0.0088,0.0175,0.0439,0.0439,0.0263,0.0175,0.0175,0.0088,0.0526,0.0614,0.0175,0.0702,0.0702,0.0088,0.0088,0.0263,0.0439,0.0088,0.0614,0.0614,0.0526
www_unesco_ee.ela_630384,0.8,0.35,0.75,0.55,1.9,2.3,1.05,0.2,0.3,0.3,0.3,0.45,0.3478,0.1304,0.0978,0.0217,0.0109,0.0761,0.0217,0.0326,0.0217,0.0217,0.1739,0.0109,0.0109,0.0217,0.0326,0.6522,6.7174,13.14,0.5543,0.0625,0,0.0109,0.0109,0.0109,0.0109,0.087,0.0435,0.0109,0.0109,0.0761,0.0435,1.8,0.0543,0.0109,0.0109,0.0217,0.0978,0.0326,0.1087,0.0109,0.0109,0.0109,0.0109,0.1304,0.1522,0.1739,0.0109,0.0326,0.0217,0.0326,0.0326,0.0109,0.0435,0.0109,0.0109,0.0109,0.0217,0.0761,0.0217,0.0217,0.0217,0.0109,0.0109,0.0978,0.0761,0.0109,0.1196,0.0978,0.0109,0.0217,0.087,0.0217,0.0109,0.0217,0.1413,0.0761
www_vm_ee.ela_81604,0.2,0.5,0.7,1.55,1.4,1.9,1.65,2.8,0.45,0.3,0.2,0.15,0.3013,0.1004,0.1297,0.0669,0.0042,0.0586,0.0126,0.0293,0.0126,0.0126,0.1297,0.0042,0.0042,0.0209,0.0167,0.728,6.59,14.06,0.5816,0.0694,0,0.0084,0.0042,0.0042,0.0042,0.1004,0.0084,0.0042,0.0084,0.0586,0.0795,0.6667,0.0795,0.0167,0.0084,0.0251,0.0921,0.0126,0.0628,0.0209,0.0042,0.0042,0.0042,0.1088,0.1548,0.1381,0.0209,0.046,0.0209,0.0084,0.0377,0.0042,0.0293,0.0084,0.0042,0.0042,0.0126,0.046,0.0084,0.0418,0.0126,0.0293,0.0084,0.0418,0.0586,0.0126,0.1088,0.1255,0.0042,0.0126,0.0669,0.0335,0.0042,0.0126,0.0962,0.0586
www_vnl_ee.ela_670256,0.5,0.5,1.25,1,1,1.1,1.25,0.5,1.2,0.5,0.3,0.45,0.2683,0.0427,0.1829,0.061,0.0061,0.0427,0.0366,0.0305,0.0427,0.0061,0.122,0.0061,0.0061,0.0671,0.0305,0.6585,6.0915,20.5,0.4024,0.25,0.0183,0.0183,0.0061,0.0061,0.0305,0.1098,0.0488,0.0061,0.0061,0.0793,0.0488,2.375,0.0183,0.0122,0.0061,0.0366,0.061,0.0976,0.122,0.0061,0.0061,0.0061,0.0488,0.1707,0.1768,0.0671,0.0122,0.0366,0.0122,0.0122,0.0427,0.0061,0.0244,0.0061,0.0061,0.0061,0.0366,0.0732,0.0244,0.0427,0.0183,0.0061,0.0061,0.061,0.0549,0.0244,0.1159,0.1585,0.0427,0.0183,0.0183,0.0183,0.0061,0.0244,0.0488,0.0427
www_vorumaateataja_ee.ela_241120,0.35,1.25,2.1,0.65,0.15,0.9,0.7,0.75,1.7,0.25,0.55,1.15,0.2473,0.0591,0.0323,0.1263,0.0027,0.0457,0.0323,0.0296,0.0108,0.0027,0.1452,0.0027,0.0027,0.0914,0.0027,0.6183,4.7984,14.88,0.3683,0.3696,0.0134,0.0054,0.0134,0.0027,0.0242,0.164,0.0188,0.0269,0.0027,0.0914,0.086,2.7,0.0242,0.0027,0.0161,0.0215,0.0484,0.121,0.1425,0.0081,0.0027,0.0027,0.0188,0.1075,0.0806,0.0833,0.0134,0.0269,0.0161,0.0215,0.0618,0.0081,0.0242,0.0027,0.0027,0.0027,0.0134,0.0618,0.0134,0.0349,0.0161,0.0161,0.0054,0.0699,0.0591,0.0296,0.1263,0.0538,0.0054,0.0027,0.043,0.0134,0.0027,0.0269,0.0457,0.0457
www_vorumaateataja_ee.ela_494965,0.5,1.4,0.6,1.5,0.55,0.85,1.2,0.4,0.55,0.1,0.5,1.85,0.3057,0.0892,0.0446,0.0892,0.0064,0.0318,0.0318,0.0573,0.0191,0.0318,0.1401,0.0064,0.0064,0.0637,0.0064,0.7389,5.3312,22.43,0.5159,0.2083,0.0255,0.0127,0.0064,0.0064,0.0064,0.1274,0.0255,0.0064,0.0064,0.0828,0.1019,1.2308,0.0446,0.0127,0.0191,0.0318,0.1019,0.0382,0.1019,0.0127,0.0064,0.0064,0.0255,0.1783,0.1338,0.0764,0.0191,0.0255,0.0382,0.0191,0.0382,0.0064,0.0127,0.0064,0.0127,0.0064,0.0127,0.0637,0.0255,0.0191,0.0191,0.0191,0.0064,0.0637,0.0318,0.0191,0.1338,0.0892,0.0191,0.0318,0.051,0.0446,0.0064,0.0318,0.0318,0.0318
www_vsport_ee.ela_120496,0.1,0.8,2.6,0.55,0.85,0.95,2.1,0.8,0.65,1,0.2,0.45,0.24,0.064,0.108,0.088,0.004,0.044,0.004,0.02,0.016,0.148,0.168,0.004,0.004,0.008,0.004,0.624,4.712,16.67,0.392,0.0333,0,0.004,0.004,0.004,0.008,0.104,0.04,0.004,0.004,0.092,0.06,3.1111,0.016,0.004,0.012,0.02,0.008,0.128,0.116,0.004,0.004,0.004,0.004,0.224,0.128,0.024,0.012,0.016,0.004,0.028,0.048,0.004,0.02,0.012,0.004,0.004,0.008,0.06,0.016,0.008,0.004,0.008,0.004,0.056,0.044,0.024,0.124,0.08,0.012,0.032,0.048,0.004,0.004,0.016,0.072,0.044
www_xn--eestimngula-q8a_ee.ela_40079,0.4,0.6,0.35,0.5,0.55,1.6,1.85,2.65,0.7,0.25,1,0.4,0.2807,0.0351,0.1667,0.0702,0.0088,0.0702,0.0088,0.0702,0.0088,0.0702,0.1667,0.0088,0.0088,0.0263,0.0263,0.6491,5.3421,12.67,0.5175,0.0938,0,0.0088,0.0263,0.0088,0.0088,0.1053,0.0088,0.0263,0.0088,0.0877,0.0789,3.6667,0.0351,0.0088,0.0088,0.0088,0.0965,0.0175,0.1053,0.0088,0.0088,0.0088,0.0088,0.0965,0.2018,0.0175,0.0175,0.0789,0.0351,0.0439,0.0439,0.0088,0.0088,0.0088,0.0088,0.0175,0.0263,0.0702,0.0263,0.0088,0.0088,0.0263,0.0088,0.0088,0.0702,0.0088,0.1579,0.1667,0.0088,0.0439,0.0263,0.0088,0.0088,0.0263,0.114,0.0702
ylle_mrt_ee.ela_101705,1.05,2.6,1.25,1.7,0.15,0.7,0.75,0.5,0.6,0.5,1.9,2.9,0.2313,0.0656,0.0344,0.1125,0.0063,0.0563,0.0344,0.0281,0.0594,0.0063,0.1625,0.0031,0.0031,0.0719,0.0063,0.6563,5.0563,13.33,0.4969,0.3108,0.0094,0.025,0.0375,0.0031,0.0063,0.1406,0.0156,0.025,0.0094,0.0563,0.0688,2.375,0.0188,0.0063,0.0125,0.025,0.0906,0.0563,0.1031,0.0156,0.0094,0.0031,0.0219,0.1969,0.0813,0.0688,0.0063,0.0438,0.0156,0.0188,0.0188,0.0031,0.0125,0.0063,0.0031,0.0031,0.0156,0.0531,0.0281,0.0406,0.0094,0.0063,0.0031,0.0531,0.0688,0.0188,0.0875,0.0531,0.0063,0.0031,0.0313,0.0219,0.0031,0.0281,0.0594,0.0563
